model,response,source_fit,quantity,factor_compared,held_fixed,contrast,estimate,lo,hi,pd,credible,pct_change,effect_size
A3b,Community male colourfulness,NA,Level mean,Land use,Biome = Tropical closed,Secondary - Primary vegetation,-0.03460150599999956,-0.054920159274999804,-0.01474196659999998,0.9998333333333334,TRUE,-3.4009719099654445,-0.0802442335716821
A3b,Community male colourfulness,NA,Level mean,Land use,Biome = Tropical closed,Plantation - Primary vegetation,-0.0499957249999996,-0.06862725615000072,-0.031364764750000274,1,TRUE,-4.8766508984803725,-0.11594491391460261
A3b,Community male colourfulness,NA,Level mean,Land use,Biome = Tropical closed,Cropland - Primary vegetation,-0.08061491099999918,-0.10643309324999958,-0.055768131525000125,1,TRUE,-7.745111352248591,-0.1869537628692919
A3b,Community male colourfulness,NA,Level mean,Land use,Biome = Tropical closed,Pasture - Primary vegetation,-0.08192368150000062,-0.13243204674999998,-0.03361012977499966,0.9996666666666667,TRUE,-7.865772852662345,-0.18998892803504638
A3b,Community male colourfulness,NA,Level mean,Land use,Biome = Tropical closed,Plantation - Secondary,-0.015378417500000019,-0.03711225484999953,0.006863864824999406,0.9163333333333333,FALSE,-1.5260773469319866,-0.03566403513861104
A3b,Community male colourfulness,NA,Level mean,Land use,Biome = Tropical closed,Cropland - Secondary,-0.04612268100000039,-0.0716246448750012,-0.01934887137500076,0.9998333333333334,TRUE,-4.507519612555266,-0.10696295089341669
A3b,Community male colourfulness,NA,Level mean,Land use,Biome = Tropical closed,Pasture - Secondary,-0.04725453849999983,-0.09957833442499983,0.002837070325001528,0.9688333333333333,FALSE,-4.615542347971379,-0.10958783772926182
A3b,Community male colourfulness,NA,Level mean,Land use,Biome = Tropical closed,Cropland - Plantation,-0.030512737000000456,-0.05724813977499976,-0.003070216650000892,0.9866666666666667,TRUE,-3.005192224013453,-0.07076198344486435
A3b,Community male colourfulness,NA,Level mean,Land use,Biome = Tropical closed,Pasture - Plantation,-0.031814512000000406,-0.08366859692500093,0.01799773352499982,0.8895,FALSE,-3.1313754909754965,-0.07378092537062254
A3b,Community male colourfulness,NA,Level mean,Land use,Biome = Tropical closed,Pasture - Cropland,-0.0012095620000001084,-0.05578791102500118,0.05063767195000048,0.5195,FALSE,-0.12088307747346594,-0.0028050910745746407
A3b,Community male colourfulness,NA,Level mean,Land use,Biome = Temperate closed,Secondary - Primary vegetation,-0.023271921999999723,-0.056202500675000794,0.010057757849999668,0.9191666666666667,FALSE,-2.3003219268946773,-0.053969834279177585
A3b,Community male colourfulness,NA,Level mean,Land use,Biome = Temperate closed,Plantation - Primary vegetation,-0.01090798450000019,-0.0610667371925003,0.038077780549999385,0.6578333333333334,FALSE,-1.0848708161307785,-0.025296669341915767
A3b,Community male colourfulness,NA,Level mean,Land use,Biome = Temperate closed,Cropland - Primary vegetation,-0.039380201999999365,-0.08964029232499934,0.00859074714999945,0.9441666666666667,FALSE,-3.861488089331544,-0.09132649103157568
A3b,Community male colourfulness,NA,Level mean,Land use,Biome = Temperate closed,Pasture - Primary vegetation,-0.011297839499999629,-0.07045909783749886,0.04684503029999986,0.6521666666666667,FALSE,-1.1234258578924794,-0.02620078073172185
A3b,Community male colourfulness,NA,Level mean,Land use,Biome = Temperate closed,Plantation - Secondary,0.012839168399999767,-0.04732888644000002,0.0711649891249997,0.6681666666666667,FALSE,1.2921944401586893,0.02977527128315613
A3b,Community male colourfulness,NA,Level mean,Land use,Biome = Temperate closed,Cropland - Secondary,-0.015741231000000244,-0.0748708175274998,0.04215417115250159,0.696,FALSE,-1.5617985350120156,-0.03650543467876337
A3b,Community male colourfulness,NA,Level mean,Land use,Biome = Temperate closed,Pasture - Secondary,0.01214488119999979,-0.05625395317500157,0.07854377036500029,0.6338333333333334,FALSE,1.2218929736271367,0.02816515222525651
A3b,Community male colourfulness,NA,Level mean,Land use,Biome = Temperate closed,Cropland - Plantation,-0.028988915500000267,-0.09682638878250004,0.038146079324999436,0.7961666666666667,FALSE,-2.857276780791773,-0.06722809424456284
A3b,Community male colourfulness,NA,Level mean,Land use,Biome = Temperate closed,Pasture - Plantation,-0.0010581564999991855,-0.07712312502500043,0.07329708679999976,0.5096666666666667,FALSE,-0.10575968498265365,-0.0024539671001987417
A3b,Community male colourfulness,NA,Level mean,Land use,Biome = Temperate closed,Pasture - Cropland,0.027565785000000176,-0.04153108660000045,0.09749990095000056,0.7808333333333334,FALSE,2.7949236523515664,0.06392771719609006
A3b,Community male colourfulness,NA,Level mean,Land use,Biome = Tropical open,Secondary - Primary vegetation,-0.045774365999999844,-0.07098209700000006,-0.019220626974999683,0.9991666666666666,TRUE,-4.4742523558431335,-0.10615517477475397
A3b,Community male colourfulness,NA,Level mean,Land use,Biome = Tropical open,Plantation - Primary vegetation,-0.014820527499999958,-0.045379725632325084,0.014528762749999966,0.8233333333333334,FALSE,-1.471124402799362,-0.034370234358167814
A3b,Community male colourfulness,NA,Level mean,Land use,Biome = Tropical open,Cropland - Primary vegetation,-0.08062326850000012,-0.13001945322499886,-0.03173148952499998,0.9995,TRUE,-7.745882369258661,-0.18697314471880308
A3b,Community male colourfulness,NA,Level mean,Land use,Biome = Tropical open,Pasture - Primary vegetation,0.010607680999999758,-0.07083866818500108,0.09321660719999936,0.601,FALSE,1.0664141911276293,0.024600236527794073
A3b,Community male colourfulness,NA,Level mean,Land use,Biome = Tropical open,Plantation - Secondary,0.03095778865000076,0.0011654540424998361,0.060371955342749625,0.9801666666666666,TRUE,3.14419644098356,0.07179410119586882
A3b,Community male colourfulness,NA,Level mean,Land use,Biome = Tropical open,Cropland - Secondary,-0.03530249865000057,-0.08499999221250233,0.015159650155000145,0.918,FALSE,-3.468663390266802,-0.0818699032156194
A3b,Community male colourfulness,NA,Level mean,Land use,Biome = Tropical open,Pasture - Secondary,0.0564728331000004,-0.02499586259750075,0.1404207428049995,0.9101666666666667,FALSE,5.809786917076143,0.13096595303485087
A3b,Community male colourfulness,NA,Level mean,Land use,Biome = Tropical open,Cropland - Plantation,-0.06655211895000024,-0.11916368975000072,-0.010517841700000276,0.9895,TRUE,-6.438584864160957,-0.15434079018740565
A3b,Community male colourfulness,NA,Level mean,Land use,Biome = Tropical open,Pasture - Plantation,0.025422603000000432,-0.06008874732500082,0.1112281133999983,0.7216666666666667,FALSE,2.5748513340410284,0.05895747119019059
A3b,Community male colourfulness,NA,Level mean,Land use,Biome = Tropical open,Pasture - Cropland,0.09110098949999967,-0.002120400943250367,0.1867233189250011,0.9728333333333333,FALSE,9.537962151311774,0.21127199145752287
A3b,Community male colourfulness,NA,Level mean,Biome,Land use = Primary vegetation,Temperate closed - Tropical closed,-0.13461643499999987,-0.23697075499999978,-0.041591037850000255,0.997,TRUE,-12.594889718861669,-0.31218851146904675
A3b,Community male colourfulness,NA,Level mean,Biome,Land use = Primary vegetation,Tropical open - Tropical closed,-0.11493118999999918,-0.2269866305000007,0.007416511437500662,0.9666666666666667,FALSE,-10.857251907852994,-0.266536527486157
A3b,Community male colourfulness,NA,Level mean,Biome,Land use = Primary vegetation,Tropical open - Temperate closed,0.023036322900000794,-0.11123194852499989,0.15605827820000018,0.6315,FALSE,2.330370823044081,0.05342345721658406
A3b,Community male colourfulness,NA,Level mean,Biome,Land use = Secondary,Temperate closed - Tropical closed,-0.12381779165000095,-0.22817361319999974,-0.026563303950000016,0.9923333333333333,TRUE,-11.645918526907517,-0.28714541481207995
A3b,Community male colourfulness,NA,Level mean,Biome,Land use = Secondary,Tropical open - Tropical closed,-0.1253476196000003,-0.24033902662500087,-0.0015784580155003686,0.9773333333333334,TRUE,-11.780981732166829,-0.2906932335499186
A3b,Community male colourfulness,NA,Level mean,Biome,Land use = Secondary,Tropical open - Temperate closed,9.463551499990785e-4,-0.1391904049124998,0.13641051884499986,0.5073333333333333,FALSE,0.09468030853247988,0.002194688973892965
A3b,Community male colourfulness,NA,Level mean,Biome,Land use = Plantation,Temperate closed - Tropical closed,-0.09613035099999934,-0.2008864203750013,0.012818753600000147,0.9613333333333334,FALSE,-9.165439540655706,-0.2229355664164395
A3b,Community male colourfulness,NA,Level mean,Biome,Land use = Plantation,Tropical open - Tropical closed,-0.07921278900000006,-0.1963483804224992,0.04346069200000006,0.8953333333333333,FALSE,-7.61566801680047,-0.18370210656092417
A3b,Community male colourfulness,NA,Level mean,Biome,Land use = Plantation,Tropical open - Temperate closed,0.018844745999999635,-0.12854967689999922,0.15597805092499986,0.6063333333333333,FALSE,1.9023428872175119,0.04370278564242296
A3b,Community male colourfulness,NA,Level mean,Biome,Land use = Cropland,Temperate closed - Tropical closed,-0.09384317250000018,-0.204861957165,0.012359544899999604,0.9561666666666667,FALSE,-8.957446919461198,-0.21763137862258844
A3b,Community male colourfulness,NA,Level mean,Biome,Land use = Cropland,Tropical open - Tropical closed,-0.11609113749999933,-0.24011195982500141,0.01592326957499987,0.9571666666666667,FALSE,-10.96059286901393,-0.2692265577444036
A3b,Community male colourfulness,NA,Level mean,Biome,Land use = Cropland,Tropical open - Temperate closed,-0.018465821299999963,-0.1706067966549995,0.12876954125000006,0.5983333333333334,FALSE,-1.829637262783812,-0.04282402267375757
A3b,Community male colourfulness,NA,Level mean,Biome,Land use = Pasture,Temperate closed - Tropical closed,-0.06516790299999986,-0.18653072402500062,0.05519020894999942,0.8545,FALSE,-6.308985985300907,-0.15113065973801193
A3b,Community male colourfulness,NA,Level mean,Biome,Land use = Pasture,Tropical open - Tropical closed,-0.021749124999999925,-0.1659633935749993,0.13107061431999983,0.6138333333333333,FALSE,-2.1514318142875077,-0.05043832099330378
A3b,Community male colourfulness,NA,Level mean,Biome,Land use = Pasture,Tropical open - Temperate closed,0.044360580500000246,-0.12229910662499772,0.2108006190450005,0.7001666666666667,FALSE,4.535922309003992,0.10287646968364532
A3b,Community sexual dichromatism,NA,Level mean,Land use,Biome = Tropical closed,Secondary - Primary vegetation,-0.7007283900000001,-2.1879523224999993,0.7571706652500014,0.829,FALSE,NA,-0.02196979415639798
A3b,Community sexual dichromatism,NA,Level mean,Land use,Biome = Tropical closed,Plantation - Primary vegetation,-1.1975523500000076,-2.6308849525000024,0.25995208400000414,0.9493333333333334,FALSE,NA,-0.03754661434655278
A3b,Community sexual dichromatism,NA,Level mean,Land use,Biome = Tropical closed,Cropland - Primary vegetation,-2.6350252500000018,-4.524531404999999,-0.7915924387500016,0.9975,TRUE,NA,-0.08261540871693689
A3b,Community sexual dichromatism,NA,Level mean,Land use,Biome = Tropical closed,Pasture - Primary vegetation,0.4622262199999998,-3.335991799999999,4.152702597499997,0.5956666666666667,FALSE,NA,0.014492084311140756
A3b,Community sexual dichromatism,NA,Level mean,Land use,Biome = Tropical closed,Plantation - Secondary,-0.4777892399999999,-2.1508615573150034,1.1179431369999964,0.7246666666666667,FALSE,NA,-0.01498002849997533
A3b,Community sexual dichromatism,NA,Level mean,Land use,Biome = Tropical closed,Cropland - Secondary,-1.9356698750000003,-3.893987248750001,0.05642529225000196,0.9713333333333334,FALSE,NA,-0.060688662419529776
A3b,Community sexual dichromatism,NA,Level mean,Land use,Biome = Tropical closed,Pasture - Secondary,1.1812986700000003,-2.69179589625,5.049247250000002,0.7221666666666666,FALSE,NA,0.037037016035737766
A3b,Community sexual dichromatism,NA,Level mean,Land use,Biome = Tropical closed,Cropland - Plantation,-1.455912200000002,-3.469982592500001,0.6449702627500034,0.9156666666666666,FALSE,NA,-0.04564691797885992
A3b,Community sexual dichromatism,NA,Level mean,Land use,Biome = Tropical closed,Pasture - Plantation,1.6525052749999993,-2.2943629480000003,5.4940368142499985,0.7935,FALSE,NA,0.05181066052441776
A3b,Community sexual dichromatism,NA,Level mean,Land use,Biome = Tropical closed,Pasture - Cropland,3.1025491200000026,-1.0055124075000033,7.166999599999993,0.9326666666666666,FALSE,NA,0.09727358916700055
A3b,Community sexual dichromatism,NA,Level mean,Land use,Biome = Temperate closed,Secondary - Primary vegetation,-3.8885355249999964,-6.3144028975000035,-1.408507493000006,0.9991666666666666,TRUE,NA,-0.12191646046207841
A3b,Community sexual dichromatism,NA,Level mean,Land use,Biome = Temperate closed,Plantation - Primary vegetation,-1.7676331400000045,-5.469641902999997,1.8496054650000073,0.8105,FALSE,NA,-0.05542024097215114
A3b,Community sexual dichromatism,NA,Level mean,Land use,Biome = Temperate closed,Cropland - Primary vegetation,-2.7042246799999994,-6.105805037500004,0.6718624099999948,0.9373333333333334,FALSE,NA,-0.08478500431850802
A3b,Community sexual dichromatism,NA,Level mean,Land use,Biome = Temperate closed,Pasture - Primary vegetation,-1.8827903249999984,-6.1648535424999995,2.448869052500005,0.8,FALSE,NA,-0.05903074068385842
A3b,Community sexual dichromatism,NA,Level mean,Land use,Biome = Temperate closed,Plantation - Secondary,2.153450395,-2.192082247000001,6.461018323999993,0.8275,FALSE,NA,0.06751669060270829
A3b,Community sexual dichromatism,NA,Level mean,Land use,Biome = Temperate closed,Cropland - Secondary,1.198592265000002,-3.063895159000003,5.32727232025,0.709,FALSE,NA,0.03757921858924662
A3b,Community sexual dichromatism,NA,Level mean,Land use,Biome = Temperate closed,Pasture - Secondary,1.9702492100000004,-2.819795983249997,6.897335996750008,0.7905,FALSE,NA,0.06177282125033601
A3b,Community sexual dichromatism,NA,Level mean,Land use,Biome = Temperate closed,Cropland - Plantation,-0.9320339508000011,-5.9121659655000025,4.098249185749995,0.6461666666666667,FALSE,NA,-0.029221870182611527
A3b,Community sexual dichromatism,NA,Level mean,Land use,Biome = Temperate closed,Pasture - Plantation,-0.10567649500000087,-5.815557127250002,5.507155556749999,0.5168333333333334,FALSE,NA,-0.0033132535736416203
A3b,Community sexual dichromatism,NA,Level mean,Land use,Biome = Temperate closed,Pasture - Cropland,0.8327979615499999,-4.316048682999998,6.084494615425002,0.6223333333333333,FALSE,NA,0.026110544470905956
A3b,Community sexual dichromatism,NA,Level mean,Land use,Biome = Tropical open,Secondary - Primary vegetation,0.18865584499999954,-1.6523960262499973,2.04432373575,0.5848333333333333,FALSE,NA,0.005914888193771216
A3b,Community sexual dichromatism,NA,Level mean,Land use,Biome = Tropical open,Plantation - Primary vegetation,1.9579415499999993,-0.20036811967499782,4.200137182,0.9581666666666667,FALSE,NA,0.06138694169899236
A3b,Community sexual dichromatism,NA,Level mean,Land use,Biome = Tropical open,Cropland - Primary vegetation,5.6750115999999995,1.8147886849999981,9.437647917499994,0.9986666666666667,TRUE,NA,0.17792748012845708
A3b,Community sexual dichromatism,NA,Level mean,Land use,Biome = Tropical open,Pasture - Primary vegetation,3.7782856000000002,-2.2767664894750004,9.797085662749994,0.889,FALSE,NA,0.11845981707132291
A3b,Community sexual dichromatism,NA,Level mean,Land use,Biome = Tropical open,Plantation - Secondary,1.7631066300000002,-0.4118028703499977,3.9081490449999987,0.9411666666666667,FALSE,NA,0.05527832222821817
A3b,Community sexual dichromatism,NA,Level mean,Land use,Biome = Tropical open,Cropland - Secondary,5.4812001550000025,1.583849116749998,9.307891279500002,0.9968333333333333,TRUE,NA,0.17185094946041324
A3b,Community sexual dichromatism,NA,Level mean,Land use,Biome = Tropical open,Pasture - Secondary,3.5940391249999983,-2.5128226932500004,9.65222885775,0.8706666666666667,FALSE,NA,0.11268317495497886
A3b,Community sexual dichromatism,NA,Level mean,Land use,Biome = Tropical open,Cropland - Plantation,3.7153821250000014,-0.551310270250003,7.811509012,0.9548333333333333,FALSE,NA,0.11648761726153342
A3b,Community sexual dichromatism,NA,Level mean,Land use,Biome = Tropical open,Pasture - Plantation,1.8585791049999987,-4.399094695,8.198500229249992,0.7161666666666666,FALSE,NA,0.05827165124597328
A3b,Community sexual dichromatism,NA,Level mean,Land use,Biome = Tropical open,Pasture - Cropland,-1.875460219999999,-8.988387905499998,5.206724389749995,0.6968333333333333,FALSE,NA,-0.05880092139825081
A3b,Community sexual dichromatism,NA,Level mean,Biome,Land use = Primary vegetation,Temperate closed - Tropical closed,7.13759555,1.2619748825000012,12.831280049999997,0.992,TRUE,NA,0.22378357612301422
A3b,Community sexual dichromatism,NA,Level mean,Biome,Land use = Primary vegetation,Tropical open - Tropical closed,-6.09364165,-13.170012824999999,0.9717307817499997,0.955,FALSE,NA,-0.1910527026218437
A3b,Community sexual dichromatism,NA,Level mean,Biome,Land use = Primary vegetation,Tropical open - Temperate closed,-13.256111249999996,-21.282971610000008,-5.216910185000003,0.9998333333333334,TRUE,NA,-0.4156161497564147
A3b,Community sexual dichromatism,NA,Level mean,Biome,Land use = Secondary,Temperate closed - Tropical closed,3.9209806,-2.2873632450000017,10.133950037499995,0.8986666666666666,FALSE,NA,0.1229337042748187
A3b,Community sexual dichromatism,NA,Level mean,Biome,Land use = Secondary,Tropical open - Tropical closed,-5.263635599999999,-12.083268976,1.9329390363999992,0.9273333333333333,FALSE,NA,-0.16502969238378984
A3b,Community sexual dichromatism,NA,Level mean,Biome,Land use = Secondary,Tropical open - Temperate closed,-9.220286500000002,-17.31371514100001,-0.8679729869500046,0.985,TRUE,NA,-0.28908176029233695
A3b,Community sexual dichromatism,NA,Level mean,Biome,Land use = Plantation,Temperate closed - Tropical closed,6.557814900999999,0.07280197000000115,12.860775119749999,0.977,TRUE,NA,0.20560583179843667
A3b,Community sexual dichromatism,NA,Level mean,Biome,Land use = Plantation,Tropical open - Tropical closed,-3.037074599999995,-10.200000767499997,4.184223128999998,0.7938333333333333,FALSE,NA,-0.09522077990821039
A3b,Community sexual dichromatism,NA,Level mean,Biome,Land use = Plantation,Tropical open - Temperate closed,-9.54956045,-18.070857295500005,-1.0615909637725,0.9846666666666667,TRUE,NA,-0.2994054192246716
A3b,Community sexual dichromatism,NA,Level mean,Biome,Land use = Cropland,Temperate closed - Tropical closed,7.00592565,0.25098472999999916,13.894371164250002,0.9773333333333334,TRUE,NA,0.21965535662901953
A3b,Community sexual dichromatism,NA,Level mean,Biome,Land use = Cropland,Tropical open - Tropical closed,2.136655749999999,-5.7765675824999985,10.142701943750001,0.7076666666666667,FALSE,NA,0.0669901315266877
A3b,Community sexual dichromatism,NA,Level mean,Biome,Land use = Cropland,Tropical open - Temperate closed,-4.8487988999999985,-14.041380364999998,4.327407409499996,0.849,FALSE,NA,-0.15202340201853232
A3b,Community sexual dichromatism,NA,Level mean,Biome,Land use = Pasture,Temperate closed - Tropical closed,4.850029459999998,-3.214710327500005,12.509887969999998,0.8883333333333333,FALSE,NA,0.15206198351499073
A3b,Community sexual dichromatism,NA,Level mean,Biome,Land use = Pasture,Tropical open - Tropical closed,-2.842952549999998,-12.571507099999998,6.932260325924992,0.7183333333333334,FALSE,NA,-0.08913451090501225
A3b,Community sexual dichromatism,NA,Level mean,Biome,Land use = Pasture,Tropical open - Temperate closed,-7.657242625,-18.40126684574999,3.20746285,0.9138333333333334,FALSE,NA,-0.24007596477837367
A2c,Relative abundance,fitted with male colourfulness (z),Level mean,Land use,Biome = Tropical closed,Secondary - Primary vegetation,-8.888375350000199e-4,-0.06733888142500008,0.06039846780000006,0.51,FALSE,-0.08884426359272446,-7.98986198833231e-4
A2c,Relative abundance,fitted with male colourfulness (z),Level mean,Land use,Biome = Tropical closed,Plantation - Primary vegetation,-0.02542657650000013,-0.0914579455999999,0.039000645675000105,0.77975,FALSE,-2.5106043535613964,-0.02285623964685178
A2c,Relative abundance,fitted with male colourfulness (z),Level mean,Land use,Biome = Tropical closed,Cropland - Primary vegetation,-0.006960131399999847,-0.08351488347499982,0.06950788874999987,0.5715,FALSE,-0.6935965783239961,-0.006256541506953313
A2c,Relative abundance,fitted with male colourfulness (z),Level mean,Land use,Biome = Tropical closed,Pasture - Primary vegetation,0.35065086,0.18649495474999983,0.5167618017500001,1,TRUE,41.999146353495846,0.3152040577910531
A2c,Relative abundance,fitted with male colourfulness (z),Level mean,Land use,Biome = Tropical closed,Plantation - Secondary,-0.024605810000000172,-0.0945623131250003,0.0464695792499996,0.7495,FALSE,-2.4305554772853455,-0.022118443277839746
A2c,Relative abundance,fitted with male colourfulness (z),Level mean,Land use,Biome = Tropical closed,Cropland - Secondary,-0.004765912889999946,-0.08405454892500056,0.07256489320000037,0.5495,FALSE,-0.4754573947784668,-0.004284133459723064
A2c,Relative abundance,fitted with male colourfulness (z),Level mean,Land use,Biome = Tropical closed,Pasture - Secondary,0.3522339275499997,0.18011169207500025,0.5245421054575004,1,TRUE,42.224118620379784,0.3166270952691795
A2c,Relative abundance,fitted with male colourfulness (z),Level mean,Land use,Biome = Tropical closed,Cropland - Plantation,0.019659745000000006,-0.06202800533875026,0.10016015797499998,0.67225,FALSE,1.9854270469229718,0.01767236903151291
A2c,Relative abundance,fitted with male colourfulness (z),Level mean,Land use,Biome = Tropical closed,Pasture - Plantation,0.37695834699999975,0.2059941905000003,0.5523031240999996,1,TRUE,45.78435845477215,0.33885215793455564
A2c,Relative abundance,fitted with male colourfulness (z),Level mean,Land use,Biome = Tropical closed,Pasture - Cropland,0.3587429150000001,0.1829938519500003,0.5361287302749999,1,TRUE,43.152872969733295,0.3224780983334559
A2c,Relative abundance,fitted with male colourfulness (z),Level mean,Land use,Biome = Temperate closed,Secondary - Primary vegetation,0.23221632184999974,0.13183948722250022,0.33097241359999985,1,TRUE,26.13925660904075,0.20874190051161745
A2c,Relative abundance,fitted with male colourfulness (z),Level mean,Land use,Biome = Temperate closed,Plantation - Primary vegetation,0.18167689636999995,0.029745343184999905,0.31889194078500005,0.991,TRUE,19.92266567899179,0.1633114344642093
A2c,Relative abundance,fitted with male colourfulness (z),Level mean,Land use,Biome = Temperate closed,Cropland - Primary vegetation,-0.0060213005519998974,-0.1496365892249999,0.13562068817499973,0.53275,FALSE,-0.6003208851898756,-0.005412615748810299
A2c,Relative abundance,fitted with male colourfulness (z),Level mean,Land use,Biome = Temperate closed,Pasture - Primary vegetation,-0.012616469999999769,-0.18878929424999982,0.16067363620000014,0.563,FALSE,-1.2537215994426698,-0.011341088794132759
A2c,Relative abundance,fitted with male colourfulness (z),Level mean,Land use,Biome = Temperate closed,Plantation - Secondary,-0.0529645995000001,-0.2259373511250005,0.11742231552499996,0.72825,FALSE,-5.158641379681028,-0.04761048263699685
A2c,Relative abundance,fitted with male colourfulness (z),Level mean,Land use,Biome = Temperate closed,Cropland - Secondary,-0.23849578649999992,-0.41854632275749987,-0.062388759149999945,0.99625,TRUE,-21.218799230395767,-0.21438658291289697
A2c,Relative abundance,fitted with male colourfulness (z),Level mean,Land use,Biome = Temperate closed,Pasture - Secondary,-0.2468506737999998,-0.4460388803200003,-0.04698441765000003,0.992,TRUE,-21.874265298769924,-0.22189688640779473
A2c,Relative abundance,fitted with male colourfulness (z),Level mean,Land use,Biome = Temperate closed,Cropland - Plantation,-0.18796729245,-0.38733532265999937,0.012022748749999958,0.9645,FALSE,-17.135819036712764,-0.16896594325260625
A2c,Relative abundance,fitted with male colourfulness (z),Level mean,Land use,Biome = Temperate closed,Pasture - Plantation,-0.19326532225000004,-0.42418436729999937,0.03391924162500002,0.9535,FALSE,-17.573675025584745,-0.17372840267237763
A2c,Relative abundance,fitted with male colourfulness (z),Level mean,Land use,Biome = Temperate closed,Pasture - Cropland,-0.005081057499999986,-0.20675641030000014,0.1913951840749999,0.524,FALSE,-0.5068170762663748,-0.004567420544383262
A2c,Relative abundance,fitted with male colourfulness (z),Level mean,Land use,Biome = Tropical open,Secondary - Primary vegetation,0.09638996450000015,0.0027096244224998354,0.18763818203249985,0.97775,TRUE,10.118840466035817,0.08664603857163106
A2c,Relative abundance,fitted with male colourfulness (z),Level mean,Land use,Biome = Tropical open,Plantation - Primary vegetation,0.05796755500000006,-0.06826665773750007,0.1930703718000002,0.81175,FALSE,5.968061381501499,0.05210769640270116
A2c,Relative abundance,fitted with male colourfulness (z),Level mean,Land use,Biome = Tropical open,Cropland - Primary vegetation,0.10979264600000027,-0.05678616583499991,0.2719090651750001,0.89875,FALSE,11.604662973175927,0.09869386185112085
A2c,Relative abundance,fitted with male colourfulness (z),Level mean,Land use,Biome = Tropical open,Pasture - Primary vegetation,0.5485106900000001,0.33920311907750034,0.7639399412500001,1,TRUE,73.06735880774195,0.49306251588765654
A2c,Relative abundance,fitted with male colourfulness (z),Level mean,Land use,Biome = Tropical open,Plantation - Secondary,-0.036087371149999825,-0.16810057354000027,0.0900385320500003,0.70325,FALSE,-3.544398456686604,-0.032439349561246555
A2c,Relative abundance,fitted with male colourfulness (z),Level mean,Land use,Biome = Tropical open,Cropland - Secondary,0.014297430049999837,-0.1539026426250001,0.17497497012499952,0.55875,FALSE,1.4400127154211573,0.012852122957130884
A2c,Relative abundance,fitted with male colourfulness (z),Level mean,Land use,Biome = Tropical open,Pasture - Secondary,0.4529114329999999,0.2339148562800004,0.6709429637050003,1,TRUE,57.28848746503559,0.4071272533070663
A2c,Relative abundance,fitted with male colourfulness (z),Level mean,Land use,Biome = Tropical open,Cropland - Plantation,0.04806340450000035,-0.14884978147750028,0.2478467925775005,0.689,FALSE,4.923717957423257,0.043204742545484905
A2c,Relative abundance,fitted with male colourfulness (z),Level mean,Land use,Biome = Tropical open,Pasture - Plantation,0.49008787749999994,0.24094661434999998,0.7379919569250003,1,TRUE,63.245967012692695,0.4405455833252613
A2c,Relative abundance,fitted with male colourfulness (z),Level mean,Land use,Biome = Tropical open,Pasture - Cropland,0.4403013981299999,0.1825124002974997,0.7102398377625,0.99975,TRUE,55.317527209512704,0.39579194912469334
A2c,Relative abundance,fitted with male colourfulness (z),Level mean,Biome,Land use = Primary vegetation,Temperate closed - Tropical closed,0.46688453499999993,-0.12054831850000021,1.0497819775000004,0.94,FALSE,59.50172241202907,0.41968783408056926
A2c,Relative abundance,fitted with male colourfulness (z),Level mean,Biome,Land use = Primary vegetation,Tropical open - Tropical closed,-0.05806187850000022,-0.74620677025,0.6290875610000001,0.56,FALSE,-5.640844239991782,-0.05219248487276253
A2c,Relative abundance,fitted with male colourfulness (z),Level mean,Biome,Land use = Primary vegetation,Tropical open - Temperate closed,-0.5278857149000002,-1.3729837812499996,0.3373967309750001,0.8895,FALSE,-41.01492350853948,-0.474522490509252
A2c,Relative abundance,fitted with male colourfulness (z),Level mean,Biome,Land use = Secondary,Temperate closed - Tropical closed,0.70212696,0.1052954228999997,1.2956082792500003,0.9875,TRUE,101.80404372275405,0.6311499332312956
A2c,Relative abundance,fitted with male colourfulness (z),Level mean,Biome,Land use = Secondary,Tropical open - Tropical closed,0.04160382510000016,-0.6306193681499996,0.7361394596775007,0.54,FALSE,4.248139196764433,0.03739815294093194
A2c,Relative abundance,fitted with male colourfulness (z),Level mean,Biome,Land use = Secondary,Tropical open - Temperate closed,-0.6657998870000001,-1.5067666915749995,0.20133338375000082,0.9345,FALSE,-48.613766852544025,-0.598495112942899
A2c,Relative abundance,fitted with male colourfulness (z),Level mean,Biome,Land use = Plantation,Temperate closed - Tropical closed,0.6710596000000002,0.07632200632500041,1.28965362,0.9855,TRUE,95.6309127950557,0.6032231289540857
A2c,Relative abundance,fitted with male colourfulness (z),Level mean,Biome,Land use = Plantation,Tropical open - Tropical closed,0.02711786599999977,-0.6560768543750002,0.7222818024250005,0.532,FALSE,2.7488901633509144,0.02437655907027851
A2c,Relative abundance,fitted with male colourfulness (z),Level mean,Biome,Land use = Plantation,Tropical open - Temperate closed,-0.6573067640000001,-1.50253023895,0.23237239252499986,0.9295,FALSE,-48.175478670786106,-0.5908605478004706
A2c,Relative abundance,fitted with male colourfulness (z),Level mean,Biome,Land use = Cropland,Temperate closed - Tropical closed,0.472160696,-0.1343840209999997,1.0758679129500002,0.931,FALSE,60.3455031834305,0.42443063538657183
A2c,Relative abundance,fitted with male colourfulness (z),Level mean,Biome,Land use = Cropland,Tropical open - Tropical closed,0.0562621029999999,-0.6293109445000002,0.7616027551000001,0.56025,FALSE,5.787491959289914,0.050574646146477865
A2c,Relative abundance,fitted with male colourfulness (z),Level mean,Biome,Land use = Cropland,Tropical open - Temperate closed,-0.4099786475,-1.2656765728000001,0.4608924620837503,0.822,FALSE,-33.63355791204248,-0.3685344827036437
A2c,Relative abundance,fitted with male colourfulness (z),Level mean,Biome,Land use = Pasture,Temperate closed - Tropical closed,0.10895808500000026,-0.5266941358249999,0.7243347155000001,0.6225,FALSE,11.511560929111585,0.09794366544871032
A2c,Relative abundance,fitted with male colourfulness (z),Level mean,Biome,Land use = Pasture,Tropical open - Tropical closed,0.14737425155000006,-0.5772981512249995,0.8814441837499999,0.64875,FALSE,15.878755992806258,0.13247639575867406
A2c,Relative abundance,fitted with male colourfulness (z),Level mean,Biome,Land use = Pasture,Tropical open - Temperate closed,0.02421392050000004,-0.8544071630000011,0.945494112075,0.52675,FALSE,2.4509458026017894,0.021766169336159557
A2c,Relative abundance,fitted with male colourfulness (z),Colour slope,Biome,NA,Temperate closed - Tropical closed,0.0029934072499999687,-0.08590296690000034,0.08851632402499987,0.52225,FALSE,0.29978919672273285,0.0026908079216493223
A2c,Relative abundance,fitted with male colourfulness (z),Colour slope,Biome,NA,Tropical open - Tropical closed,-0.0945811384999998,-0.166400084,-0.017281747174999626,0.99275,TRUE,-9.024608443679128,-0.08502006424766086
A2c,Relative abundance,fitted with male colourfulness (z),Colour slope,Biome,NA,Tropical open - Temperate closed,-0.09574350199999992,-0.20819207593749933,0.016302493599999905,0.956,FALSE,-9.130293484106511,-0.08606492605643626
A2c,Relative abundance,fitted with male colourfulness (z),Colour slope,Land use,NA,Secondary - Primary vegetation,-0.012723888000000017,-0.041698145200000036,0.015920983950000175,0.8155,FALSE,-1.2643281574980958,-0.011437648059608044
A2c,Relative abundance,fitted with male colourfulness (z),Colour slope,Land use,NA,Plantation - Primary vegetation,0.007900764249999968,-0.02271453240000025,0.03838617295000012,0.69925,FALSE,0.793205764749616,0.007102087105249011
A2c,Relative abundance,fitted with male colourfulness (z),Colour slope,Land use,NA,Cropland - Primary vegetation,-0.0219462319999999,-0.05844659402499983,0.015472416049999686,0.8715,FALSE,-2.170716551376106,-0.019727718276874685
A2c,Relative abundance,fitted with male colourfulness (z),Colour slope,Land use,NA,Pasture - Primary vegetation,-0.01661728849999999,-0.08161379382499993,0.04765047204999964,0.691,FALSE,-1.647998296205233,-0.014937470179552957
A2c,Relative abundance,fitted with male colourfulness (z),Colour slope,Land use,NA,Plantation - Secondary,0.020686862150000263,-0.012172520367499846,0.05474644020000025,0.88225,FALSE,2.090231842280499,0.018595656353571275
A2c,Relative abundance,fitted with male colourfulness (z),Colour slope,Land use,NA,Cropland - Secondary,-0.009615882949999932,-0.048473976985000423,0.030138471309999318,0.67475,FALSE,-0.9569798181085498,-0.008643826868366388
A2c,Relative abundance,fitted with male colourfulness (z),Colour slope,Land use,NA,Pasture - Secondary,-0.003563723500000039,-0.07043128995000016,0.0632268709750004,0.5435,FALSE,-0.35573809739811724,-0.003203471704148526
A2c,Relative abundance,fitted with male colourfulness (z),Colour slope,Land use,NA,Cropland - Plantation,-0.030281682500000073,-0.07106249862499983,0.01138775028749976,0.9175,FALSE,-2.9827785479094926,-0.027220549810544722
A2c,Relative abundance,fitted with male colourfulness (z),Colour slope,Land use,NA,Pasture - Plantation,-0.024446129850000275,-0.09226943235000018,0.043191061240750395,0.7685,FALSE,-2.4149743297816717,-0.021974904969595897
A2c,Relative abundance,fitted with male colourfulness (z),Colour slope,Land use,NA,Pasture - Cropland,0.005333609499999614,-0.06248255913999987,0.07443358515000068,0.561,FALSE,0.5347858516782322,0.004794442417944699
A2c,Relative abundance,fitted with sexual dichromatism (z),Level mean,Land use,Biome = Tropical closed,Secondary - Primary vegetation,-0.0018295228500000427,-0.06604315792500004,0.06143143167500015,0.5215,FALSE,-0.1827850293219857,-0.0016445789585157887
A2c,Relative abundance,fitted with sexual dichromatism (z),Level mean,Land use,Biome = Tropical closed,Plantation - Primary vegetation,-0.028371087499999836,-0.09105411742499989,0.03655992899999997,0.80625,FALSE,-2.797240742327567,-0.02550309417163549
A2c,Relative abundance,fitted with sexual dichromatism (z),Level mean,Land use,Biome = Tropical closed,Cropland - Primary vegetation,-0.013616455500000013,-0.09000101030000021,0.06586934357500016,0.63375,FALSE,-1.3524170907676991,-0.012239987166526006
A2c,Relative abundance,fitted with sexual dichromatism (z),Level mean,Land use,Biome = Tropical closed,Pasture - Primary vegetation,0.34361375000000005,0.1792664492500001,0.5052386110000001,1,TRUE,41.00339047176198,0.30887831934249493
A2c,Relative abundance,fitted with sexual dichromatism (z),Level mean,Land use,Biome = Tropical closed,Plantation - Secondary,-0.02514278255000013,-0.09633189290000005,0.04129283092500031,0.77225,FALSE,-2.482933526666864,-0.022601134028070322
A2c,Relative abundance,fitted with sexual dichromatism (z),Level mean,Land use,Biome = Tropical closed,Cropland - Secondary,-0.011072995449999956,-0.08833306557999991,0.06839553044000013,0.60775,FALSE,-1.1011915489799073,-0.009953641915328125
A2c,Relative abundance,fitted with sexual dichromatism (z),Level mean,Land use,Biome = Tropical closed,Pasture - Secondary,0.3450056452500001,0.1768459523749998,0.5191036067274998,1,TRUE,41.19978907262525,0.3101295098595241
A2c,Relative abundance,fitted with sexual dichromatism (z),Level mean,Land use,Biome = Tropical closed,Cropland - Plantation,0.015591759499999691,-0.06606586572499995,0.09730422834999987,0.63775,FALSE,1.5713945186137446,0.014015610463644959
A2c,Relative abundance,fitted with sexual dichromatism (z),Level mean,Land use,Biome = Tropical closed,Pasture - Plantation,0.3725325035,0.19920152715075023,0.5392007199750002,1,TRUE,45.140565414015235,0.33487371672854216
A2c,Relative abundance,fitted with sexual dichromatism (z),Level mean,Land use,Biome = Tropical closed,Pasture - Cropland,0.3560475867499999,0.18751710354999984,0.5319361727299998,1,TRUE,42.76754850837756,0.32005523702497685
A2c,Relative abundance,fitted with sexual dichromatism (z),Level mean,Land use,Biome = Temperate closed,Secondary - Primary vegetation,0.2228785084,0.11943812994249975,0.3244411297624999,1,TRUE,24.966874025820076,0.20034803348863114
A2c,Relative abundance,fitted with sexual dichromatism (z),Level mean,Land use,Biome = Temperate closed,Plantation - Primary vegetation,0.17491348235000004,0.03548084895224998,0.3218395750175,0.99425,TRUE,19.114315724741672,0.15723172445401604
A2c,Relative abundance,fitted with sexual dichromatism (z),Level mean,Land use,Biome = Temperate closed,Cropland - Primary vegetation,-0.0014495639999998478,-0.15195191574999975,0.14836795462499994,0.5085,FALSE,-0.14485138895667937,-0.0013030296142087948
A2c,Relative abundance,fitted with sexual dichromatism (z),Level mean,Land use,Biome = Temperate closed,Pasture - Primary vegetation,-0.012928234999999955,-0.17727164324999992,0.16366118874999988,0.556,FALSE,-1.2845024344854017,-0.0116213379088142
A2c,Relative abundance,fitted with sexual dichromatism (z),Level mean,Land use,Biome = Temperate closed,Plantation - Secondary,-0.04789970095000018,-0.21304356634750027,0.1264495116199999,0.7095,FALSE,-4.677060971475333,-0.04305758755708746
A2c,Relative abundance,fitted with sexual dichromatism (z),Level mean,Land use,Biome = Temperate closed,Cropland - Secondary,-0.2259001424999998,-0.4004771456774998,-0.04596703589500029,0.9935,TRUE,-20.220223622162493,-0.20306421484771794
A2c,Relative abundance,fitted with sexual dichromatism (z),Level mean,Land use,Biome = Temperate closed,Pasture - Secondary,-0.2334814169999999,-0.4280685689750003,-0.03437346723249984,0.989,TRUE,-20.822769089164204,-0.20987910897239762
A2c,Relative abundance,fitted with sexual dichromatism (z),Level mean,Land use,Biome = Temperate closed,Cropland - Plantation,-0.17672513200000006,-0.38066767535499996,0.021751775802499873,0.96225,FALSE,-16.198990497215004,-0.15886023698917923
A2c,Relative abundance,fitted with sexual dichromatism (z),Level mean,Land use,Biome = Temperate closed,Pasture - Plantation,-0.18447551249999994,-0.40457851820000024,0.03338331792499979,0.95525,FALSE,-16.84596980067603,-0.1658271424261846
A2c,Relative abundance,fitted with sexual dichromatism (z),Level mean,Land use,Biome = Temperate closed,Pasture - Cropland,-0.009986539499999836,-0.20279261465000017,0.19012105970000018,0.5425,FALSE,-0.9936839595353075,-0.008977014269095427
A2c,Relative abundance,fitted with sexual dichromatism (z),Level mean,Land use,Biome = Tropical open,Secondary - Primary vegetation,0.10420515364999994,0.01200735485999992,0.19801272045000023,0.98825,TRUE,10.982811685099003,0.09367120124336825
A2c,Relative abundance,fitted with sexual dichromatism (z),Level mean,Land use,Biome = Tropical open,Plantation - Primary vegetation,0.06158280250000003,-0.06953586082500003,0.18929278309999975,0.82175,FALSE,6.351855487816382,0.05535748361816372
A2c,Relative abundance,fitted with sexual dichromatism (z),Level mean,Land use,Biome = Tropical open,Cropland - Primary vegetation,0.11867042519999993,-0.04633040024749997,0.2824448715999996,0.9225,FALSE,12.599875631398326,0.10667419883935154
A2c,Relative abundance,fitted with sexual dichromatism (z),Level mean,Land use,Biome = Tropical open,Pasture - Primary vegetation,0.5556225699999997,0.3415394167000003,0.7720875447500002,1,TRUE,74.30258026254515,0.4994554659420865
A2c,Relative abundance,fitted with sexual dichromatism (z),Level mean,Land use,Biome = Tropical open,Plantation - Secondary,-0.04348375094999968,-0.17253469045499986,0.08485241790000006,0.7415,FALSE,-4.2551888413192795,-0.039088039731074546
A2c,Relative abundance,fitted with sexual dichromatism (z),Level mean,Land use,Biome = Tropical open,Cropland - Secondary,0.010864082345000137,-0.15233461992974995,0.18275009100800002,0.55575,FALSE,1.0923310780809548,0.009765847542253804
A2c,Relative abundance,fitted with sexual dichromatism (z),Level mean,Land use,Biome = Tropical open,Pasture - Secondary,0.45135144669999994,0.23571236644999968,0.6753335678500001,0.99975,TRUE,57.04331086523175,0.40572496382784345
A2c,Relative abundance,fitted with sexual dichromatism (z),Level mean,Land use,Biome = Tropical open,Cropland - Plantation,0.05599272869500016,-0.1364358914500001,0.25575416239999954,0.71075,FALSE,5.758999364924411,0.050332502511066385
A2c,Relative abundance,fitted with sexual dichromatism (z),Level mean,Land use,Biome = Tropical open,Pasture - Plantation,0.49395712849999973,0.25030495717999995,0.7532482481425002,1,TRUE,63.87883019750302,0.44402369718419216
A2c,Relative abundance,fitted with sexual dichromatism (z),Level mean,Land use,Biome = Tropical open,Pasture - Cropland,0.43718537864999973,0.17638427167499973,0.703828000575,0.999,TRUE,54.83430802033347,0.39299092367090716
A2c,Relative abundance,fitted with sexual dichromatism (z),Level mean,Biome,Land use = Primary vegetation,Temperate closed - Tropical closed,0.4609756199999999,-0.14852034649999998,1.02896038,0.9405,FALSE,58.56201933889944,0.41437624298638964
A2c,Relative abundance,fitted with sexual dichromatism (z),Level mean,Biome,Land use = Primary vegetation,Tropical open - Tropical closed,-0.053828878000000024,-0.7190417049999998,0.5935672362500004,0.564,FALSE,-5.240575314877816,-0.048387392439133196
A2c,Relative abundance,fitted with sexual dichromatism (z),Level mean,Biome,Land use = Primary vegetation,Tropical open - Temperate closed,-0.5238788350000001,-1.3304966109999998,0.34722780515000007,0.8885,FALSE,-40.77810325283201,-0.47092066046223185
A2c,Relative abundance,fitted with sexual dichromatism (z),Level mean,Biome,Land use = Secondary,Temperate closed - Tropical closed,0.6901814,0.07396529900000011,1.268205002,0.9845,TRUE,99.40772260453579,0.6204119330889704
A2c,Relative abundance,fitted with sexual dichromatism (z),Level mean,Biome,Land use = Secondary,Tropical open - Tropical closed,0.04707643955000007,-0.6150048469000006,0.7129579643500001,0.553,FALSE,4.820213011654384,0.04231754849400694
A2c,Relative abundance,fitted with sexual dichromatism (z),Level mean,Biome,Land use = Secondary,Tropical open - Temperate closed,-0.645820074,-1.4555390137499997,0.22995071572500048,0.93075,FALSE,-47.57675436277948,-0.5805350311352956
A2c,Relative abundance,fitted with sexual dichromatism (z),Level mean,Biome,Land use = Plantation,Temperate closed - Tropical closed,0.66053188,0.04936465607499993,1.2532096369999999,0.9825,TRUE,93.58216854702097,0.5937596413605059
A2c,Relative abundance,fitted with sexual dichromatism (z),Level mean,Biome,Land use = Plantation,Tropical open - Tropical closed,0.034393634500000214,-0.6383039505999998,0.691476706675,0.535,FALSE,3.4991935086482906,0.030916830366771165
A2c,Relative abundance,fitted with sexual dichromatism (z),Level mean,Biome,Land use = Plantation,Tropical open - Temperate closed,-0.6323619935,-1.4668057731500006,0.24735792015000055,0.9275,FALSE,-46.866469286588796,-0.5684374090627913
A2c,Relative abundance,fitted with sexual dichromatism (z),Level mean,Biome,Land use = Cropland,Temperate closed - Tropical closed,0.4734035790000002,-0.1642721697750005,1.0677868277500004,0.9345,FALSE,60.54491778230051,0.4255478770923517
A2c,Relative abundance,fitted with sexual dichromatism (z),Level mean,Biome,Land use = Cropland,Tropical open - Tropical closed,0.07556169849999983,-0.6099234959999995,0.7422921047500003,0.58175,FALSE,7.848976686622833,0.06792327268435638
A2c,Relative abundance,fitted with sexual dichromatism (z),Level mean,Biome,Land use = Cropland,Tropical open - Temperate closed,-0.4004238470000001,-1.2498893773600004,0.4802102281749998,0.81425,FALSE,-32.99640069031674,-0.3599455635463259
A2c,Relative abundance,fitted with sexual dichromatism (z),Level mean,Biome,Land use = Pasture,Temperate closed - Tropical closed,0.11334566499999998,-0.5510190153499996,0.7352297740000001,0.64025,FALSE,12.0019017417611,0.10188771115811705
A2c,Relative abundance,fitted with sexual dichromatism (z),Level mean,Biome,Land use = Pasture,Tropical open - Tropical closed,0.15453417245,-0.54259636275,0.8702348620000002,0.659,FALSE,16.711416052634466,0.13891253032609807
A2c,Relative abundance,fitted with sexual dichromatism (z),Level mean,Biome,Land use = Pasture,Tropical open - Temperate closed,0.03979243140000022,-0.80850624575,0.927229402,0.536,FALSE,4.059475697709547,0.03576987048214336
A2c,Relative abundance,fitted with sexual dichromatism (z),Colour slope,Biome,NA,Temperate closed - Tropical closed,0.017539463499999908,-0.06395681662500023,0.10099197600000018,0.6525,FALSE,1.769418313270621,0.015766423805942006
A2c,Relative abundance,fitted with sexual dichromatism (z),Colour slope,Biome,NA,Tropical open - Tropical closed,-0.03169704449999999,-0.10945688625000037,0.04347413044999993,0.78725,FALSE,-3.1199959074734163,-0.028492834856824762
A2c,Relative abundance,fitted with sexual dichromatism (z),Colour slope,Biome,NA,Tropical open - Temperate closed,-0.0487578961500006,-0.15791536560000038,0.06025035894750038,0.81425,FALSE,-4.75883156761433,-0.04382902901146443
A2c,Relative abundance,fitted with sexual dichromatism (z),Colour slope,Land use,NA,Secondary - Primary vegetation,0.012518157500000257,-0.015532040450000362,0.0405912569250004,0.807,FALSE,1.2596837600790334,0.011252714566471006
A2c,Relative abundance,fitted with sexual dichromatism (z),Colour slope,Land use,NA,Plantation - Primary vegetation,0.016657279499999955,-0.014183689424999925,0.047925664224999755,0.844,FALSE,1.6796785500569733,0.014973418545614603
A2c,Relative abundance,fitted with sexual dichromatism (z),Colour slope,Land use,NA,Cropland - Primary vegetation,0.0025940530500002295,-0.03964199307500005,0.046447926225000026,0.543,FALSE,0.25974205167795805,0.002331823875992575
A2c,Relative abundance,fitted with sexual dichromatism (z),Colour slope,Land use,NA,Pasture - Primary vegetation,0.005196659350000058,-0.07528053775000029,0.08653891344999964,0.5505,FALSE,0.5210185404148637,0.0046713363659733635
A2c,Relative abundance,fitted with sexual dichromatism (z),Colour slope,Land use,NA,Plantation - Secondary,0.004035007014999703,-0.0299796523975004,0.03731518547499946,0.59825,FALSE,0.4043158616040099,0.003627113831528236
A2c,Relative abundance,fitted with sexual dichromatism (z),Colour slope,Land use,NA,Cropland - Secondary,-0.01025956188950006,-0.05427467485500079,0.03266252139999969,0.66375,FALSE,-1.0207112108260419,-0.009222437209276665
A2c,Relative abundance,fitted with sexual dichromatism (z),Colour slope,Land use,NA,Pasture - Secondary,-0.007882999599999756,-0.08970602058249957,0.07392629880500003,0.573,FALSE,-0.7852010241816698,-0.007086118258729414
A2c,Relative abundance,fitted with sexual dichromatism (z),Colour slope,Land use,NA,Cropland - Plantation,-0.014099713500000277,-0.06080700902499927,0.033161894545000126,0.72425,FALSE,-1.400077807250466,-0.012674393295061015
A2c,Relative abundance,fitted with sexual dichromatism (z),Colour slope,Land use,NA,Pasture - Plantation,-0.011107668284999614,-0.09659512657499973,0.07519677353750001,0.606,FALSE,-1.1046205915993368,-0.00998480972220877
A2c,Relative abundance,fitted with sexual dichromatism (z),Colour slope,Land use,NA,Pasture - Cropland,0.0026909451499999015,-0.08210081834749978,0.08943132260750068,0.52125,FALSE,0.2694568992691604,0.0024189212898925246
A2d,Abundance change vs primary,fitted with male colourfulness (z),Level mean,Land use,Biome = Tropical closed,Plantation - Secondary,-0.0015253431499999987,-0.0035225737700000015,4.4344578424999876e-4,0.93475,FALSE,NA,-0.02687526638149421
A2d,Abundance change vs primary,fitted with male colourfulness (z),Level mean,Land use,Biome = Tropical closed,Cropland - Secondary,-0.003868742100000001,-0.005677940405,-0.0020599157925000012,1,TRUE,NA,-0.06816398952511205
A2d,Abundance change vs primary,fitted with male colourfulness (z),Level mean,Land use,Biome = Tropical closed,Pasture - Secondary,-0.0013582436,-0.005107337525,0.0024630176449999975,0.753,FALSE,NA,-0.023931112524391448
A2d,Abundance change vs primary,fitted with male colourfulness (z),Level mean,Land use,Biome = Tropical closed,Cropland - Plantation,-0.002339867141499998,-0.004355565790249998,-3.673164550000037e-4,0.990125,TRUE,NA,-0.041226495641402336
A2d,Abundance change vs primary,fitted with male colourfulness (z),Level mean,Land use,Biome = Tropical closed,Pasture - Plantation,2.209060899999999e-4,-0.00355486869,0.004011493758249993,0.541375,FALSE,NA,0.0038921799426210007
A2d,Abundance change vs primary,fitted with male colourfulness (z),Level mean,Land use,Biome = Tropical closed,Pasture - Cropland,0.002541817049999999,-0.0011954987249999992,0.0062699595897499965,0.9055,FALSE,NA,0.04478468357220067
A2d,Abundance change vs primary,fitted with male colourfulness (z),Level mean,Land use,Biome = Temperate closed,Plantation - Secondary,2.6479373000000135e-4,-0.0128337302725,0.013779880808999988,0.517,FALSE,NA,0.004665443333127695
A2d,Abundance change vs primary,fitted with male colourfulness (z),Level mean,Land use,Biome = Temperate closed,Cropland - Secondary,-2.0679400000000016e-4,-0.013970124865,0.014063847352499999,0.513375,FALSE,NA,-0.0036435367583318693
A2d,Abundance change vs primary,fitted with male colourfulness (z),Level mean,Land use,Biome = Temperate closed,Pasture - Secondary,-3.5484410000000035e-4,-0.01401754176,0.013908636674999973,0.522625,FALSE,NA,-0.006252055290903943
A2d,Abundance change vs primary,fitted with male colourfulness (z),Level mean,Land use,Biome = Temperate closed,Cropland - Plantation,-5.150186999999997e-4,-0.006024465057500001,0.005066845307149999,0.577875,FALSE,NA,-0.009074197339759815
A2d,Abundance change vs primary,fitted with male colourfulness (z),Level mean,Land use,Biome = Temperate closed,Pasture - Plantation,-6.22562200000001e-4,-0.006453016755000003,0.005234013659199997,0.5855,FALSE,NA,-0.010969023569581125
A2d,Abundance change vs primary,fitted with male colourfulness (z),Level mean,Land use,Biome = Temperate closed,Pasture - Cropland,-1.2189747000000001e-4,-0.0036948105772499967,0.003382622837999993,0.530375,FALSE,NA,-0.002147731136747952
A2d,Abundance change vs primary,fitted with male colourfulness (z),Level mean,Land use,Biome = Tropical open,Plantation - Secondary,2.2967025500000154e-4,-0.002266978682724998,0.0025976439602499956,0.577625,FALSE,NA,0.00404659717587531
A2d,Abundance change vs primary,fitted with male colourfulness (z),Level mean,Land use,Biome = Tropical open,Cropland - Secondary,-0.009355076049999996,-0.014274885157499998,-0.004444230249999999,0.999875,TRUE,NA,-0.16482859011946704
A2d,Abundance change vs primary,fitted with male colourfulness (z),Level mean,Land use,Biome = Tropical open,Pasture - Secondary,-0.002040608059999999,-0.006062873372500003,0.0020375832649999993,0.829875,FALSE,NA,-0.035953801734858244
A2d,Abundance change vs primary,fitted with male colourfulness (z),Level mean,Land use,Biome = Tropical open,Cropland - Plantation,-0.00959075065,-0.014964422161749999,-0.004111543303500003,0.999375,TRUE,NA,-0.16898097881597263
A2d,Abundance change vs primary,fitted with male colourfulness (z),Level mean,Land use,Biome = Tropical open,Pasture - Plantation,-0.002233095810000001,-0.007006445295,0.0025439469635000034,0.824125,FALSE,NA,-0.03934527437262144
A2d,Abundance change vs primary,fitted with male colourfulness (z),Level mean,Land use,Biome = Tropical open,Pasture - Cropland,0.00733985031,9.393136974999995e-4,0.013427630408499999,0.98775,TRUE,NA,0.12932200356460316
A2d,Abundance change vs primary,fitted with male colourfulness (z),Level mean,Biome,Land use = Secondary,Temperate closed - Tropical closed,-0.013543735500000001,-0.029389796249999996,0.0013041945549999746,0.964125,FALSE,NA,-0.238629254907658
A2d,Abundance change vs primary,fitted with male colourfulness (z),Level mean,Biome,Land use = Secondary,Tropical open - Tropical closed,0.010096448499999997,-0.0053521064975,0.02605080105,0.906125,FALSE,NA,0.1778909505998947
A2d,Abundance change vs primary,fitted with male colourfulness (z),Level mean,Biome,Land use = Secondary,Tropical open - Temperate closed,0.023723830699999997,0.003541940195,0.044711251275,0.987875,TRUE,NA,0.41799399017327393
A2d,Abundance change vs primary,fitted with male colourfulness (z),Level mean,Biome,Land use = Plantation,Temperate closed - Tropical closed,-0.0118019598,-0.0263561649475,0.0031968157919499917,0.938625,FALSE,NA,-0.20794062860457752
A2d,Abundance change vs primary,fitted with male colourfulness (z),Level mean,Biome,Land use = Plantation,Tropical open - Tropical closed,0.011970429900000001,-0.0035905657424999933,0.02777251439599998,0.93325,FALSE,NA,0.21090893040264638
A2d,Abundance change vs primary,fitted with male colourfulness (z),Level mean,Biome,Land use = Plantation,Tropical open - Temperate closed,0.0237430244,0.0027209694550000036,0.04375546062025,0.98725,TRUE,NA,0.41833216706176396
A2d,Abundance change vs primary,fitted with male colourfulness (z),Level mean,Biome,Land use = Cropland,Temperate closed - Tropical closed,-0.009949937535000002,-0.025026241085,0.00538154421249999,0.89975,FALSE,NA,-0.1753095503345284
A2d,Abundance change vs primary,fitted with male colourfulness (z),Level mean,Biome,Land use = Cropland,Tropical open - Tropical closed,0.004577024650000001,-0.011395068311249998,0.02100723827499999,0.718125,FALSE,NA,0.08064333373340643
A2d,Abundance change vs primary,fitted with male colourfulness (z),Level mean,Biome,Land use = Cropland,Tropical open - Temperate closed,0.0147923448,-0.006601524069249998,0.035306317856049985,0.91125,FALSE,NA,0.2606287030606267
A2d,Abundance change vs primary,fitted with male colourfulness (z),Level mean,Biome,Land use = Pasture,Temperate closed - Tropical closed,-0.012689534124999999,-0.028102216675000003,0.0032073535049999898,0.93825,FALSE,NA,-0.22357894344393017
A2d,Abundance change vs primary,fitted with male colourfulness (z),Level mean,Biome,Land use = Pasture,Tropical open - Tropical closed,0.0093657024,-0.006907690084000001,0.02624627140249999,0.878375,FALSE,NA,0.16501581748985455
A2d,Abundance change vs primary,fitted with male colourfulness (z),Level mean,Biome,Land use = Pasture,Tropical open - Temperate closed,0.0222276947,9.153386882499991e-4,0.04294564319749999,0.979625,TRUE,NA,0.391633329266944
A2d,Abundance change vs primary,fitted with male colourfulness (z),Colour slope,Biome,NA,Temperate closed - Tropical closed,0.010005662999999998,0.003770851797500001,0.016279767149999996,0.998875,TRUE,NA,0.17629138626836896
A2d,Abundance change vs primary,fitted with male colourfulness (z),Colour slope,Biome,NA,Tropical open - Tropical closed,0.008577254399999998,0.003919383125,0.013367578849999995,0.999875,TRUE,NA,0.15112402531970817
A2d,Abundance change vs primary,fitted with male colourfulness (z),Colour slope,Biome,NA,Tropical open - Temperate closed,-0.0014296963999999948,-0.0088534074,0.006053270557499995,0.642875,FALSE,NA,-0.025190050904062598
A2d,Abundance change vs primary,fitted with male colourfulness (z),Colour slope,Land use,NA,Plantation - Secondary,0.0017703848500000004,3.7005189175000087e-4,0.003179077330000001,0.994375,TRUE,NA,0.031192695520028867
A2d,Abundance change vs primary,fitted with male colourfulness (z),Colour slope,Land use,NA,Cropland - Secondary,7.435915299999984e-4,-5.166778945000017e-4,0.0020476748950000014,0.87425,FALSE,NA,0.013101458807988757
A2d,Abundance change vs primary,fitted with male colourfulness (z),Colour slope,Land use,NA,Pasture - Secondary,0.0014709278000000015,-9.634335327499984e-4,0.003938111072499998,0.881375,FALSE,NA,0.025916513574630935
A2d,Abundance change vs primary,fitted with male colourfulness (z),Colour slope,Land use,NA,Cropland - Plantation,-0.0010234534349999993,-0.0024526533297499994,4.552524774999978e-4,0.906375,FALSE,NA,-0.01803239074085085
A2d,Abundance change vs primary,fitted with male colourfulness (z),Colour slope,Land use,NA,Pasture - Plantation,-2.903976000000006e-4,-0.002843212462640001,0.0022431199320000006,0.582625,FALSE,NA,-0.0051165620382184985
A2d,Abundance change vs primary,fitted with male colourfulness (z),Colour slope,Land use,NA,Pasture - Cropland,7.265348449999997e-4,-0.0017519824255000016,0.0031470750122499992,0.71875,FALSE,NA,0.012800934330621024
A2d,Abundance change vs primary,fitted with sexual dichromatism (z),Level mean,Land use,Biome = Tropical closed,Plantation - Secondary,-0.0013749512499999998,-0.003353100977500001,6.53844612249996e-4,0.909625,FALSE,NA,-0.024225487297935853
A2d,Abundance change vs primary,fitted with sexual dichromatism (z),Level mean,Land use,Biome = Tropical closed,Cropland - Secondary,-0.003673165499999999,-0.005444195955,-0.0019022691100000018,0.999875,TRUE,NA,-0.06471809394221519
A2d,Abundance change vs primary,fitted with sexual dichromatism (z),Level mean,Land use,Biome = Tropical closed,Pasture - Secondary,-0.0011132242499999993,-0.0048826359825,0.0027134315624999994,0.722625,FALSE,NA,-0.019614077174102833
A2d,Abundance change vs primary,fitted with sexual dichromatism (z),Level mean,Land use,Biome = Tropical closed,Cropland - Plantation,-0.00231375175,-0.00434855058825,-2.795075500000025e-4,0.988,TRUE,NA,-0.04076636435670128
A2d,Abundance change vs primary,fitted with sexual dichromatism (z),Level mean,Land use,Biome = Tropical closed,Pasture - Plantation,2.7607840000000005e-4,-0.003498740821250002,0.004079894469999996,0.556125,FALSE,NA,0.004864269749516178
A2d,Abundance change vs primary,fitted with sexual dichromatism (z),Level mean,Land use,Biome = Tropical closed,Pasture - Cropland,0.0025931650000000006,-0.001120190555,0.006227245867499997,0.911,FALSE,NA,0.04568939136493156
A2d,Abundance change vs primary,fitted with sexual dichromatism (z),Level mean,Land use,Biome = Temperate closed,Plantation - Secondary,-6.620610999999998e-4,-0.013200705481749998,0.011975100867499998,0.54125,FALSE,NA,-0.011664961043896966
A2d,Abundance change vs primary,fitted with sexual dichromatism (z),Level mean,Land use,Biome = Temperate closed,Cropland - Secondary,-0.0010208504,-0.013937161457500001,0.012394042564999999,0.55775,FALSE,NA,-0.017986527448367887
A2d,Abundance change vs primary,fitted with sexual dichromatism (z),Level mean,Land use,Biome = Temperate closed,Pasture - Secondary,-0.0012275393049999998,-0.014263249268249997,0.012174561038750002,0.5655,FALSE,NA,-0.021628212520985384
A2d,Abundance change vs primary,fitted with sexual dichromatism (z),Level mean,Land use,Biome = Temperate closed,Cropland - Plantation,-3.5277216500000444e-4,-0.005719147797750001,0.005161810688749998,0.55025,FALSE,NA,-0.006215549534772917
A2d,Abundance change vs primary,fitted with sexual dichromatism (z),Level mean,Land use,Biome = Temperate closed,Pasture - Plantation,-5.06976262749999e-4,-0.006319498341,0.005351805084999994,0.566375,FALSE,NA,-0.008932496343855895
A2d,Abundance change vs primary,fitted with sexual dichromatism (z),Level mean,Land use,Biome = Temperate closed,Pasture - Cropland,-1.9048780499999855e-4,-0.003676419194,0.0033558880274749928,0.5415,FALSE,NA,-0.0033562352850249402
A2d,Abundance change vs primary,fitted with sexual dichromatism (z),Level mean,Land use,Biome = Tropical open,Plantation - Secondary,1.3313764999999976e-4,-0.00233586738075,0.0024653551069999994,0.54,FALSE,NA,0.0023457736766681904
A2d,Abundance change vs primary,fitted with sexual dichromatism (z),Level mean,Land use,Biome = Tropical open,Cropland - Secondary,-0.00929015955,-0.014014948775000003,-0.004482692684750003,1,TRUE,NA,-0.16368481586116054
A2d,Abundance change vs primary,fitted with sexual dichromatism (z),Level mean,Land use,Biome = Tropical open,Pasture - Secondary,-0.0026711063800000014,-0.006453478450000001,0.0011230046229499995,0.915875,FALSE,NA,-0.04706265307960952
A2d,Abundance change vs primary,fitted with sexual dichromatism (z),Level mean,Land use,Biome = Tropical open,Cropland - Plantation,-0.00942357555,-0.014778111317499999,-0.004043641058250001,0.99975,TRUE,NA,-0.16603549383126415
A2d,Abundance change vs primary,fitted with sexual dichromatism (z),Level mean,Land use,Biome = Tropical open,Pasture - Plantation,-0.0028075876094999994,-0.00736330935075,0.0016822605845000045,0.886375,FALSE,NA,-0.04946733782145682
A2d,Abundance change vs primary,fitted with sexual dichromatism (z),Level mean,Land use,Biome = Tropical open,Pasture - Cropland,0.0066166756035000015,7.181279357000004e-4,0.01262645711125,0.9855,TRUE,NA,0.11658027205484657
A2d,Abundance change vs primary,fitted with sexual dichromatism (z),Level mean,Biome,Land use = Secondary,Temperate closed - Tropical closed,-0.01700467,-0.031657985175,-0.002529643667500003,0.990375,TRUE,NA,-0.29960801671374965
A2d,Abundance change vs primary,fitted with sexual dichromatism (z),Level mean,Biome,Land use = Secondary,Tropical open - Tropical closed,0.009250113850000005,-0.006785310874999998,0.025226318074999993,0.875375,FALSE,NA,0.16297924422966684
A2d,Abundance change vs primary,fitted with sexual dichromatism (z),Level mean,Biome,Land use = Secondary,Tropical open - Temperate closed,0.0261619466,0.006572066227500002,0.046797701374999987,0.994625,TRUE,NA,0.4609515464985222
A2d,Abundance change vs primary,fitted with sexual dichromatism (z),Level mean,Biome,Land use = Plantation,Temperate closed - Tropical closed,-0.016340255999999997,-0.030628055854999996,-0.001666088800000024,0.98525,TRUE,NA,-0.2879015995461804
A2d,Abundance change vs primary,fitted with sexual dichromatism (z),Level mean,Biome,Land use = Plantation,Tropical open - Tropical closed,0.010609026499999997,-0.005377833051999997,0.02688009564474999,0.910875,FALSE,NA,0.1869221448536556
A2d,Abundance change vs primary,fitted with sexual dichromatism (z),Level mean,Biome,Land use = Plantation,Tropical open - Temperate closed,0.027003970385,0.007365952207500002,0.04712411065499999,0.995625,TRUE,NA,0.4757872990447142
A2d,Abundance change vs primary,fitted with sexual dichromatism (z),Level mean,Biome,Land use = Cropland,Temperate closed - Tropical closed,-0.014348496499999999,-0.029104036837250002,8.442415599999894e-4,0.967375,FALSE,NA,-0.2528084684495011
A2d,Abundance change vs primary,fitted with sexual dichromatism (z),Level mean,Biome,Land use = Cropland,Tropical open - Tropical closed,0.003586036550000003,-0.012577862229999999,0.01981902653749999,0.669875,FALSE,NA,0.06318295495346384
A2d,Abundance change vs primary,fitted with sexual dichromatism (z),Level mean,Biome,Land use = Cropland,Tropical open - Temperate closed,0.017876098360000002,-0.0029384642199999952,0.03876919132749996,0.954875,FALSE,NA,0.3149618531979458
A2d,Abundance change vs primary,fitted with sexual dichromatism (z),Level mean,Biome,Land use = Pasture,Temperate closed - Tropical closed,-0.017106429699999995,-0.0324812276925,-0.0015674335300000012,0.9855,TRUE,NA,-0.30140093724078043
A2d,Abundance change vs primary,fitted with sexual dichromatism (z),Level mean,Biome,Land use = Pasture,Tropical open - Tropical closed,0.0076580159000000005,-0.008734665954999995,0.024313754129749992,0.8165,FALSE,NA,0.13492781428639078
A2d,Abundance change vs primary,fitted with sexual dichromatism (z),Level mean,Biome,Land use = Pasture,Tropical open - Temperate closed,0.024632017872,0.00408328115,0.04545788046399999,0.99125,TRUE,NA,0.4339954860804447
A2d,Abundance change vs primary,fitted with sexual dichromatism (z),Colour slope,Biome,NA,Temperate closed - Tropical closed,-0.0010285096500000012,-0.006617732400000002,0.004189643217499996,0.650375,FALSE,NA,-0.018121477006460763
A2d,Abundance change vs primary,fitted with sexual dichromatism (z),Colour slope,Biome,NA,Tropical open - Tropical closed,0.01063106,0.006367358977499999,0.014948497025000004,1,TRUE,NA,0.18731035663525814
A2d,Abundance change vs primary,fitted with sexual dichromatism (z),Colour slope,Biome,NA,Tropical open - Temperate closed,0.011773876900999996,0.0050287073257499985,0.018230244459999996,0.999625,TRUE,NA,0.20744583148866974
A2d,Abundance change vs primary,fitted with sexual dichromatism (z),Colour slope,Land use,NA,Plantation - Secondary,7.842977600000015e-4,-5.701038507499977e-4,0.0021981118149999993,0.870375,FALSE,NA,0.01381866842382927
A2d,Abundance change vs primary,fitted with sexual dichromatism (z),Colour slope,Land use,NA,Cropland - Secondary,0.0012364481499999975,-2.0588296825000194e-4,0.0027545041350000043,0.95075,FALSE,NA,0.02178517889443806
A2d,Abundance change vs primary,fitted with sexual dichromatism (z),Colour slope,Land use,NA,Pasture - Secondary,6.286474650000003e-4,-0.0016638147124999967,0.0029581702024999994,0.6995,FALSE,NA,0.011076240832711038
A2d,Abundance change vs primary,fitted with sexual dichromatism (z),Colour slope,Land use,NA,Cropland - Plantation,4.454976999999987e-4,-0.0011257738427499966,0.00200536934025,0.70975,FALSE,NA,0.007849295655107487
A2d,Abundance change vs primary,fitted with sexual dichromatism (z),Colour slope,Land use,NA,Pasture - Plantation,-1.609509000000003e-4,-0.002605353469250001,0.002312576779999995,0.5505,FALSE,NA,-0.0028358198034594694
A2d,Abundance change vs primary,fitted with sexual dichromatism (z),Colour slope,Land use,NA,Pasture - Cropland,-6.133541900000001e-4,-0.00295739803325,0.0017943656117499996,0.694875,FALSE,NA,-0.010806786159858932
