response,parameter,Estimate,Est.Error,l-95% CI,u-95% CI,Rhat,Bulk_ESS,Tail_ESS
meancolcooney,Intercept,4.587951784283334,0.12129857567961755,4.3491336575,4.82640853,1.005174126498019,639.0084384719798,1259.8435283944743
meancolcooney,Predominant_simpleCropland,-0.0872516326510405,0.19491082503816187,-0.47673705949999984,0.2876615867499999,1.003520217602077,1389.5692131965343,2492.6518494188904
meancolcooney,Predominant_simplePasture,-0.174209587885928,0.21410088336676023,-0.5974790194999998,0.23664634375,1.0017676650917144,1212.3074940450583,2033.777076212608
meancolcooney,Predominant_simplePlantationforest,-0.013263911197775667,0.1532507799059556,-0.3140430012499999,0.2895231437499999,1.0022803625709946,964.8650544462527,2113.2502966522643
meancolcooney,Predominant_simpleSecondary,-0.06087243453556835,0.1892146862953083,-0.43446068949999994,0.3054722007499999,1.0008796240426365,1025.4120051656655,1935.7655157460608
meancolcooney,z_logMass,-0.11216928332716666,0.0036302480337347042,-0.1193591725,-0.1050844205,0.9997603750842348,4099.779632987502,4506.448929825949
meancolcooney,HabitatForest,-0.0090182171393701,0.06449891479977116,-0.1332974025,0.11869213099999999,1.0087930476179048,638.8553708157557,1452.1008441539084
meancolcooney,HabitatGrassland,-0.133722365424965,0.06735021478265592,-0.26316247974999996,-0.0025289422525001603,1.0088916251311904,672.8201345679769,1436.1109302191749
meancolcooney,HabitatHumanModified,-0.16496760092987833,0.07273372695395676,-0.30513130874999994,-0.02302538190000024,1.0068290527599943,743.734421433207,1894.9033225991961
meancolcooney,HabitatRiverine,0.08415543351723098,0.09012606951724443,-0.09175118424999998,0.25946773074999996,1.0063716310861501,1098.7781297061451,2566.5317023971315
meancolcooney,HabitatRock,-0.28179894105687,0.11484790832220673,-0.5054273537499998,-0.05596680532500002,1.0019723477767284,1649.5962499037246,3824.205090199812
meancolcooney,HabitatShrubland,-0.07063990176950133,0.06520720280360069,-0.1942464705,0.05856836179999989,1.008550420979846,647.2212821100651,1463.7787042556847
meancolcooney,HabitatWetland,0.22468599100258332,0.07047565236256784,0.08931326450000003,0.36438203149999987,1.0086811640682694,728.1950269000487,1690.7897371907713
meancolcooney,HabitatWoodland,-0.09074865433389667,0.06494173309783621,-0.21642280375,0.0349773917749999,1.0084836458658168,650.323146189873,1386.4510840417238
meancolcooney,BiomeMediterraneanForestsWoodlands&Scrub,-0.18931934804843667,0.07924424984953077,-0.3497314214999999,-0.03530628082500022,1.0025673042837273,820.7294102991286,1502.5407638456509
meancolcooney,BiomeMontaneGrasslands&Shrublands,0.11555135314071074,0.0813518320955072,-0.04686222064999996,0.27332581674999995,1.0019547183154156,858.4831674246639,1704.1803809359028
meancolcooney,BiomeTemperateBroadleaf&MixedForests,-0.061740230863891334,0.0784975392408402,-0.21907736574999986,0.09129495469999999,1.003018213392088,799.0044806599017,1506.9395434885248
meancolcooney,BiomeTemperateConiferForests,-0.056881179016659664,0.07898990982362074,-0.21643748024999995,0.09859745042499986,1.0025389666153879,809.5953129935484,1606.3545006842778
meancolcooney,BiomeTemperateGrasslandsSavannas&Shrublands,-0.1057444042230685,0.07873456726365119,-0.26393854199999994,0.04593806322499995,1.0032076314272669,803.5806258907734,1544.8494190765991
meancolcooney,BiomeTropical&SubtropicalConiferousForests,0.12642319420146816,0.07898571118200766,-0.03219353639999998,0.2782988869999998,1.0029415144943088,801.751088676781,1552.4051654398913
meancolcooney,BiomeTropical&SubtropicalDryBroadleafForests,-0.06433242831661766,0.07950099493712924,-0.22463326049999988,0.08846378889999992,1.0038207112748878,820.7899500174599,1500.649041266469
meancolcooney,BiomeTropical&SubtropicalGrasslandsSavannas&Shrublands,-0.06604945294760511,0.07838096723070294,-0.22332305225000001,0.08497748109999993,1.0028557253343628,796.8709009410701,1444.0192789658274
meancolcooney,BiomeTropical&SubtropicalMoistBroadleafForests,0.05963835246679383,0.07830667972799712,-0.0985529965749999,0.21085519249999984,1.0027182711608822,798.2537030898093,1458.7647789541488
meancolcooney,BiomeTundra,-0.19316209156380335,0.0856707771323513,-0.36587991075,-0.026473354875000087,1.0016644150564276,904.2400073345053,1956.61342183248
meancolcooney,Trophic.NicheFrugivore,0.17754819014574666,0.06463886478996503,0.05276800777500002,0.3076894877499996,1.0037522208694383,927.1358684279963,1738.3259579226135
meancolcooney,Trophic.NicheGranivore,0.05311531058443633,0.06476407091233131,-0.0727582837,0.18295066499999985,1.0036464856726608,955.7838961817439,2001.1681840512879
meancolcooney,Trophic.NicheHerbivoreterrestrial,0.05309379287951083,0.36959447880643465,-0.66104064175,0.78340240225,1.0006377833026179,5392.60548718547,4714.02526444213
meancolcooney,Trophic.NicheInvertivore,-0.0361103076358468,0.06399668923697434,-0.15937364824999997,0.09218672892499997,1.0038941518736078,909.5087535454275,1881.3668547665507
meancolcooney,Trophic.NicheNectarivore,0.10189473323841716,0.0678778321826909,-0.028211717149999947,0.2381420357499999,1.0028445316673154,1026.5664879104204,2229.9271618922094
meancolcooney,Trophic.NicheOmnivore,0.028551786191862934,0.06397010855449291,-0.09534041684999998,0.15702429699999984,1.004073575987861,897.6434626593164,1821.706068358532
meancolcooney,Predominant_simpleCropland:z_logMass,0.0291070516431,0.007674697595075665,0.014015895175000001,0.044228221925,1.0005214268288283,6794.8240122776515,4707.21882812717
meancolcooney,Predominant_simplePasture:z_logMass,0.05463640963283333,0.008127503250829685,0.038637667225000005,0.0705239215,1.0008117006432606,7070.5173242565215,4857.162035480937
meancolcooney,Predominant_simplePlantationforest:z_logMass,0.0122651555047315,0.005931899139663337,6.039942297500051e-4,0.02403691719999999,1.0013274375469945,5412.364898713084,4623.238143106209
meancolcooney,Predominant_simpleSecondary:z_logMass,-0.004572310009137233,0.005514310219342919,-0.015462015974999996,0.00607303237749999,0.9998326227189175,5398.280018747685,5119.990166738644
meancolcooney,Predominant_simpleCropland:HabitatForest,0.0011756741019157,0.10004125313276141,-0.18747242925,0.19543664424999993,1.005809601998582,925.8785725373898,2114.624447630561
meancolcooney,Predominant_simplePasture:HabitatForest,-0.04147307388091033,0.18281176278970485,-0.4040698025,0.3188919972499999,1.0024601911593924,1146.5949336976762,2217.547663713164
meancolcooney,Predominant_simplePlantationforest:HabitatForest,-0.0036864632342317166,0.08009449946261235,-0.16018209049999999,0.15337118774999997,1.007239082927401,728.8509737811701,1547.041443532853
meancolcooney,Predominant_simpleSecondary:HabitatForest,-0.008546634115386666,0.16902521437405704,-0.330516179,0.3287961677499997,1.0006493620675436,1003.182459085201,1526.9602616839368
meancolcooney,Predominant_simpleCropland:HabitatGrassland,-2.0248695505500052e-5,0.10233877461863547,-0.1951949974999999,0.19962498399999984,1.0060201063628131,932.5890871469287,2152.8954926339397
meancolcooney,Predominant_simplePasture:HabitatGrassland,0.10646538540868,0.18383498983173774,-0.25688689175,0.46180054874999954,1.001851395890677,1161.0197252335306,2200.7682061288774
meancolcooney,Predominant_simplePlantationforest:HabitatGrassland,-0.24574705854761666,0.08715016720084098,-0.4172981175,-0.07864699410000002,1.0074990941452722,786.2843707426516,1882.1548288651686
meancolcooney,Predominant_simpleSecondary:HabitatGrassland,-0.0072734800701433336,0.170074004265772,-0.33134543824999985,0.33160005024999994,1.0004344117988855,1020.6565330625535,1696.243615278241
meancolcooney,Predominant_simpleCropland:HabitatHumanModified,0.22147674128372832,0.10635719758038933,0.016704501075000006,0.4280098074999999,1.0050611235594447,992.8601157934839,2315.682284103484
meancolcooney,Predominant_simplePasture:HabitatHumanModified,0.327486739175255,0.1859721849469232,-0.04094050962499995,0.6888955102499997,1.0020029918237785,1181.521013022163,2304.5284119038024
meancolcooney,Predominant_simplePlantationforest:HabitatHumanModified,-0.029956912524066834,0.09279785008541573,-0.20794549074999996,0.15101946799999993,1.0057385077358858,898.5004327897745,2383.544796186112
meancolcooney,Predominant_simpleSecondary:HabitatHumanModified,0.1916607036733675,0.17330456887085413,-0.14137755549999995,0.5390409195,1.000606458012348,1054.69153987132,1670.0837759694264
meancolcooney,Predominant_simpleCropland:HabitatRiverine,-0.22797823135917666,0.1838909596115126,-0.58689848725,0.13367423774999967,1.0025312099407488,2685.270146695996,3998.2969353771123
meancolcooney,Predominant_simplePasture:HabitatRiverine,-0.501929142020365,0.3134376700609623,-1.1161851225000001,0.11718858124999987,1.0005149874162187,3828.663387416684,4081.164261683846
meancolcooney,Predominant_simplePlantationforest:HabitatRiverine,0.039260146814980836,0.14359359024198978,-0.2414118839999999,0.31912136874999997,1.0024373922444143,1950.6635479212703,3393.2979107624365
meancolcooney,Predominant_simpleSecondary:HabitatRiverine,0.09761490656988892,0.1949234483245884,-0.27610217324999997,0.48409204274999956,1.0006345263117726,1327.6060223275092,2720.5965945956414
meancolcooney,Predominant_simpleCropland:HabitatRock,-0.05287744003952917,0.1653429732758055,-0.37737757474999994,0.2690624072499999,1.0024300673771354,2014.0062950152026,3710.5090991347925
meancolcooney,Predominant_simplePasture:HabitatRock,-0.004658330042348333,0.5047358652922465,-1.0048070549999997,0.9897217994999987,1.0004192923613262,10564.505579237428,4675.89934778832
meancolcooney,Predominant_simplePlantationforest:HabitatRock,0.0180917651177225,0.16076340448928184,-0.2967376789999999,0.3344139812499998,1.0006987627346626,2515.2208082265374,4138.989295514002
meancolcooney,Predominant_simpleSecondary:HabitatRock,-0.14014585091495982,0.2033611495584273,-0.5348154135,0.2682606729999999,1.0009957067274713,1419.2335952420406,2660.8433392515217
meancolcooney,Predominant_simpleCropland:HabitatShrubland,-0.013361200315685667,0.10044748633527362,-0.20499983249999998,0.18327911724999996,1.0058889053806426,919.4869729435358,2148.6686757896787
meancolcooney,Predominant_simplePasture:HabitatShrubland,0.08100101778451034,0.18258406893072587,-0.28148025925,0.44026073374999986,1.0022912771880186,1147.8868393604455,2212.1513922082822
meancolcooney,Predominant_simplePlantationforest:HabitatShrubland,-0.029264637932548333,0.08114273828968528,-0.18904554124999995,0.12772267275000002,1.0066233709626202,743.1498255999682,1538.3512265131083
meancolcooney,Predominant_simpleSecondary:HabitatShrubland,0.027786309789720267,0.16946761765870524,-0.2979359805,0.3683751384999999,1.0006042500794823,1017.7285343760592,1640.2052895008665
meancolcooney,Predominant_simpleCropland:HabitatWetland,-0.15693541623882917,0.11145003995067396,-0.376725127,0.06371096064999994,1.0047083756931035,1094.0311775920325,2693.2334436546244
meancolcooney,Predominant_simplePasture:HabitatWetland,-0.11072251737158534,0.1912768689301222,-0.48541312,0.26218993999999995,1.0033590941895587,1210.6159590228358,2384.241984341543
meancolcooney,Predominant_simplePlantationforest:HabitatWetland,-0.2360812888461,0.11780174160379255,-0.46860490774999997,-0.0067277148275001405,1.0038864224431854,1467.4347533830257,2474.094193104171
meancolcooney,Predominant_simpleSecondary:HabitatWetland,-0.2228074895003095,0.17460521567864332,-0.5553562799999999,0.13184888849999998,1.001048122249946,1071.8946495403939,1660.4172791183726
meancolcooney,Predominant_simpleCropland:HabitatWoodland,-0.12480614484044673,0.10106003355990209,-0.31454694275,0.07308320802499971,1.0051481423984598,950.8196416438336,2194.899523502158
meancolcooney,Predominant_simplePasture:HabitatWoodland,-0.056117254191545,0.1832395310196191,-0.41856027625,0.30235622799999956,1.0020660046925118,1155.6046250606703,2156.192202632037
meancolcooney,Predominant_simplePlantationforest:HabitatWoodland,-0.051684588323729665,0.08051564324470295,-0.20875576075000002,0.10443316749999994,1.0070718248275858,741.863152595029,1711.0036059773995
meancolcooney,Predominant_simpleSecondary:HabitatWoodland,-0.0176285233537795,0.16927806146648564,-0.34138363424999996,0.32373330849999987,1.000766021090784,1002.7628881684184,1531.2668281761964
meancolcooney,Predominant_simpleCropland:Trophic.NicheFrugivore,0.2187573550219215,0.1774124135078461,-0.1271194657499997,0.57014382425,1.0024188300409504,1518.4354106031037,2301.4757571867603
meancolcooney,Predominant_simplePasture:Trophic.NicheFrugivore,0.30316347694212,0.13375917070157145,0.03584605267500019,0.5663126709999998,1.0032610167335374,1339.862633947643,2613.672688883728
meancolcooney,Predominant_simplePlantationforest:Trophic.NicheFrugivore,-0.253476023065165,0.13581636755762252,-0.51440633675,0.019114861299999925,1.0030000829804082,1210.0593622310516,2448.7496179412765
meancolcooney,Predominant_simpleSecondary:Trophic.NicheFrugivore,0.042939888317634664,0.09968065957803877,-0.15486050074999996,0.2400026752499996,1.0037316012997217,985.7224873014568,1950.8449564860182
meancolcooney,Predominant_simpleCropland:Trophic.NicheGranivore,0.0936454947275775,0.17750351894187824,-0.25639684724999995,0.44210172074999987,1.0026613184595647,1520.4861170801614,2208.7448404279094
meancolcooney,Predominant_simplePasture:Trophic.NicheGranivore,0.11377724556310383,0.1263067536895088,-0.1331919085,0.3632858902499998,1.0034992878611704,1256.0662955529772,2286.5575341448694
meancolcooney,Predominant_simplePlantationforest:Trophic.NicheGranivore,0.20515688548925048,0.13681803503871945,-0.05787311162499997,0.47714680574999974,1.0030702049095468,1218.4922972032869,2382.3152685130294
meancolcooney,Predominant_simpleSecondary:Trophic.NicheGranivore,0.06196796036320767,0.10010166722096296,-0.13308619599999993,0.2604813147499999,1.0036543520065575,1003.8001727075103,1648.2853131030406
meancolcooney,Predominant_simpleCropland:Trophic.NicheHerbivoreterrestrial,0.009883909663778834,0.490026578942064,-0.9532427069999996,0.9665160292499997,1.0019455732041127,11382.32472252075,4944.411789934012
meancolcooney,Predominant_simplePasture:Trophic.NicheHerbivoreterrestrial,-0.008688140972461667,0.5013203445676558,-1.0341015475,0.9764470369999997,1.0006961499099225,8901.015664063234,4431.896202931969
meancolcooney,Predominant_simplePlantationforest:Trophic.NicheHerbivoreterrestrial,0.010098169405794116,0.49468667937477384,-0.9705857870000001,0.9941617414999999,1.0001292741704553,12059.671460811258,4395.162904293996
meancolcooney,Predominant_simpleSecondary:Trophic.NicheHerbivoreterrestrial,0.06474066628033333,0.37226903424668545,-0.6613084502500001,0.7820655932499999,1.0014381379221284,5389.902415761194,4679.224165262905
meancolcooney,Predominant_simpleCropland:Trophic.NicheInvertivore,0.09581937491872533,0.17663666901916691,-0.25297760649999995,0.4450300212499999,1.0024566684085827,1513.556823601701,2264.620651391266
meancolcooney,Predominant_simplePasture:Trophic.NicheInvertivore,0.093977096676667,0.12555587440391908,-0.15461047049999996,0.34101901324999984,1.0031833403800208,1236.399686942888,2095.985352289711
meancolcooney,Predominant_simplePlantationforest:Trophic.NicheInvertivore,0.011073810481146567,0.13513040653964153,-0.24852388874999995,0.28013313449999994,1.0029189265287761,1198.8338873544283,2405.141188858295
meancolcooney,Predominant_simpleSecondary:Trophic.NicheInvertivore,0.05104766453427483,0.09823973232692382,-0.14301519474999994,0.24426226424999983,1.0039669939811457,968.9467007908329,1784.125485535503
meancolcooney,Predominant_simpleCropland:Trophic.NicheNectarivore,0.31414871286932083,0.18083643828208934,-0.04402001679999983,0.6751731969999999,1.0019271449312548,1566.7144063407113,2501.2914988177017
meancolcooney,Predominant_simplePasture:Trophic.NicheNectarivore,0.35871335974608165,0.13597478412300107,0.09081547667500003,0.6285976345000001,1.0021559441999828,1417.882122864356,2498.6378194717186
meancolcooney,Predominant_simplePlantationforest:Trophic.NicheNectarivore,0.12395046159485383,0.13921715280145353,-0.1410074309999999,0.39851895825,1.0026880218285985,1272.0673151020571,2485.6538514530803
meancolcooney,Predominant_simpleSecondary:Trophic.NicheNectarivore,0.087167595186085,0.1042028416747113,-0.11558154224999996,0.2945055577499999,1.0032382702737819,1043.9318891622477,2084.421262510097
meancolcooney,Predominant_simpleCropland:Trophic.NicheOmnivore,0.018541813081048665,0.17683195293559828,-0.3266947824999998,0.36573789674999996,1.0025254380462125,1516.502358821354,2330.0011425634566
meancolcooney,Predominant_simplePasture:Trophic.NicheOmnivore,0.016337425604249667,0.12622114378695717,-0.233753028,0.26870799124999994,1.0034061832590797,1242.0389815894046,2099.1140219615213
meancolcooney,Predominant_simplePlantationforest:Trophic.NicheOmnivore,0.0010968794717128331,0.13527322364263727,-0.25937520999999986,0.27010026224999995,1.002931457351669,1197.018595145551,2495.077891776368
meancolcooney,Predominant_simpleSecondary:Trophic.NicheOmnivore,-0.026827873307374666,0.09818591176168641,-0.22193878049999993,0.16718956299999999,1.0041005182930407,959.2073675279787,1630.3091179139394
dichrocooney,Intercept,0.2969415697823333,0.07866186781209335,0.14354277250000003,0.45234964074999995,1.0024289010818834,1416.4222802406787,2511.6430725086793
dichrocooney,Predominant_simpleCropland,0.0493516311901555,0.1646325779634391,-0.27279034,0.37853599125,1.0014511466139049,2368.4357391412173,3322.368442313538
dichrocooney,Predominant_simplePasture,-0.04280682400821433,0.19616147889443686,-0.42852617724999986,0.3509767584999999,1.002655473508817,1924.5743899992447,2891.16372951538
dichrocooney,Predominant_simplePlantationforest,-0.195950957564955,0.11235414777609547,-0.42473420924999983,0.02528756964999995,1.0012279542575753,1957.6485949591024,2888.8674374600864
dichrocooney,Predominant_simpleSecondary,-5.110073637516667e-4,0.17301388845418642,-0.3368878972499999,0.3403546265,1.000288861166773,1835.6363720553752,3155.6718788528838
dichrocooney,z_logMass,-0.023971375835,0.0022916638057640234,-0.028424398025,-0.019522401550000013,0.9996702194078992,8262.061609863904,4866.306815181922
dichrocooney,HabitatForest,0.037229222418514,0.045621417874497895,-0.05201981772499999,0.12634367974999997,1.0019783834361946,866.6176891358655,2337.331204874744
dichrocooney,HabitatGrassland,-0.16716776489865,0.04729831119872005,-0.25992490924999995,-0.07490056212500013,1.0022094156490944,909.9616442421618,2408.8466567813725
dichrocooney,HabitatHumanModified,-0.003031869350112945,0.050598994480441625,-0.1033848064999999,0.09386929470000001,1.0015391908264466,963.9029680056025,2620.103350801061
dichrocooney,HabitatRiverine,-0.31621669651833334,0.06091360568934347,-0.437557198,-0.19908699925000006,1.000648428967231,1445.7922543544782,3291.1871735156205
dichrocooney,HabitatRock,-0.0053101342846200005,0.07861443572951791,-0.15807917849999997,0.15202432449999997,1.001844726451636,2066.2382212927555,3784.9244221340446
dichrocooney,HabitatShrubland,0.007605054784880366,0.046050585478234624,-0.0818805593,0.09692061959999997,1.0027277067745672,874.7681962360456,2189.607037702182
dichrocooney,HabitatWetland,0.04339912565080483,0.04924081830749941,-0.05456428484999998,0.13760865025000002,1.0022318131570778,939.9758577730227,2650.447023113958
dichrocooney,HabitatWoodland,0.06714306256878605,0.04611728902496643,-0.023271348924999997,0.157147047,1.0020560638300042,873.6101732766415,2358.8481605806164
dichrocooney,BiomeMediterraneanForestsWoodlands&Scrub,0.0818803745257288,0.047601151433508126,-0.011801800874999942,0.17277625475,1.0001922944051886,1390.1279251461656,2406.242331737756
dichrocooney,BiomeMontaneGrasslands&Shrublands,0.14299528138565334,0.04898610701616669,0.04761336505000002,0.23887464949999995,1.0002351101330325,1470.475910963229,2603.025849899353
dichrocooney,BiomeTemperateBroadleaf&MixedForests,0.14513071620563167,0.0469934804441524,0.052987919925,0.23708029749999987,1.0002749697171485,1365.3041975548651,2316.0435189054942
dichrocooney,BiomeTemperateConiferForests,0.16454302851383334,0.0472128125802165,0.07202970595000001,0.25566257724999986,1.0002002430101777,1355.917846019929,2247.2702346203964
dichrocooney,BiomeTemperateGrasslandsSavannas&Shrublands,0.10250519397025,0.04713841220178712,0.009229115545,0.19399338249999995,1.000254342329041,1370.1500860856145,2240.221858649938
dichrocooney,BiomeTropical&SubtropicalConiferousForests,0.065338801076699,0.04698861169191867,-0.027264213599999983,0.15709594799999996,1.0004621685821444,1367.29726636691,2428.2768104870247
dichrocooney,BiomeTropical&SubtropicalDryBroadleafForests,0.046535601057924536,0.04769684405615523,-0.04848033074999996,0.13951243424999998,1.0001990618025127,1396.3876564867758,2472.161066526735
dichrocooney,BiomeTropical&SubtropicalGrasslandsSavannas&Shrublands,0.035772660648523164,0.04688019373424808,-0.05713987515,0.1277555734999999,1.000278891117526,1359.3182080323395,2310.6280837873333
dichrocooney,BiomeTropical&SubtropicalMoistBroadleafForests,0.045447862926007186,0.046800169647198686,-0.04737524522499999,0.13647970599999995,1.0003378079359908,1359.5421105223882,2333.9638237173067
dichrocooney,BiomeTundra,0.1747896914505,0.05167282915977505,0.07319756132500008,0.27469725974999976,1.0004903875604636,1544.606425737558,2953.2811722023553
dichrocooney,Trophic.NicheFrugivore,-0.25410058787,0.044037233444047114,-0.3418428265,-0.168224162,1.003671192588067,1851.6673956721436,2810.9866257072067
dichrocooney,Trophic.NicheGranivore,-0.101683851939255,0.04419728605741781,-0.1901667195,-0.016989005225000287,1.003892758239898,1858.6684586352524,2634.9264204696174
dichrocooney,Trophic.NicheHerbivoreterrestrial,0.009658648892676166,0.357229710147553,-0.7003409467499999,0.70590727425,1.0004375814065543,9389.773733355547,4535.465086225433
dichrocooney,Trophic.NicheInvertivore,-0.36618287395666665,0.04364167943687488,-0.453758817,-0.2823294355000001,1.0037767080572884,1853.9757614165042,2633.4268015024577
dichrocooney,Trophic.NicheNectarivore,-0.10628409258952934,0.045684563428227846,-0.19666695799999998,-0.018214153275000013,1.0030657678797263,1932.9607007120906,2827.8510246072537
dichrocooney,Trophic.NicheOmnivore,-0.2686963433183333,0.04343606254064818,-0.356131696,-0.18565028150000001,1.0039783211706714,1845.7104493665722,2754.9929338323113
dichrocooney,Predominant_simpleCropland:z_logMass,0.006688445774405571,0.004786761237843554,-0.0025857821974999986,0.015985101099999996,0.9997685328891842,10377.158527601114,4630.991935996035
dichrocooney,Predominant_simplePasture:z_logMass,0.017439648436973335,0.005180604329607299,0.007348123350000001,0.027538676899999993,1.000339820768677,11123.843410882397,4558.382538562111
dichrocooney,Predominant_simplePlantationforest:z_logMass,-0.016052858376068332,0.003628738646076816,-0.023183025224999994,-0.0089755925525,1.0003225434064287,8455.626401993493,5213.295990957493
dichrocooney,Predominant_simpleSecondary:z_logMass,-0.010028043848855,0.003446515753682331,-0.01685389055,-0.0033746777575000006,1.0009794206532248,10196.992321231291,5182.214274660466
dichrocooney,Predominant_simpleCropland:HabitatForest,-0.011880530437880833,0.07363913237131786,-0.15373107275,0.13025428799999977,1.002081154563252,1238.8671298318968,3098.6515789466625
dichrocooney,Predominant_simplePasture:HabitatForest,-0.10186560200521533,0.17791155149950205,-0.454464445,0.24371593324999966,1.002476855892953,1952.4458501361087,2763.8116972965213
dichrocooney,Predominant_simplePlantationforest:HabitatForest,-0.011546318940848666,0.05688822654604016,-0.1226589525,0.09884775819999994,1.001769408075963,959.1289020982429,2442.171826524304
dichrocooney,Predominant_simpleSecondary:HabitatForest,-0.0521657921325665,0.1618710898623981,-0.36694767024999997,0.26595765274999994,1.0002529310598627,1851.9793961826051,3219.2894234452738
dichrocooney,Predominant_simpleCropland:HabitatGrassland,0.19739330089881665,0.07467633951927634,0.05342927727500003,0.34285505075000006,1.0020731185532064,1252.2025727547377,3160.996659914041
dichrocooney,Predominant_simplePasture:HabitatGrassland,0.12603079527516264,0.1785581389994914,-0.23056679124999999,0.47232559399999996,1.0025158405051469,1956.5886362226884,2700.1829987914275
dichrocooney,Predominant_simplePlantationforest:HabitatGrassland,0.024561639939123667,0.06072561781102852,-0.09650061785,0.14305624599999994,1.0016892332636702,1038.8923013679928,3041.002392803139
dichrocooney,Predominant_simpleSecondary:HabitatGrassland,0.10878085357620314,0.1623327222206812,-0.20374126099999998,0.42590919675,1.0002025216661057,1856.2129596666575,3276.5798349468078
dichrocooney,Predominant_simpleCropland:HabitatHumanModified,0.06147605280029395,0.07752507972053603,-0.08941163159999999,0.21136476924999978,1.0017073443448246,1329.1192557730405,3268.16765848618
dichrocooney,Predominant_simplePasture:HabitatHumanModified,-0.0234228997312241,0.17929965965482908,-0.37594958424999975,0.3254366899999999,1.002204212907,1963.9801729765263,2823.7969624772536
dichrocooney,Predominant_simplePlantationforest:HabitatHumanModified,-0.030069749372110533,0.06425418923468955,-0.15366553225000001,0.09584023439999988,1.001414701335602,1115.3018465915993,3144.538070231757
dichrocooney,Predominant_simpleSecondary:HabitatHumanModified,-0.062391835068132666,0.1639185965469315,-0.3818414554999999,0.26235005074999984,1.0002410920933833,1900.1278125627198,3136.7041389587735
dichrocooney,Predominant_simpleCropland:HabitatRiverine,-0.12863383547840335,0.12689835553908116,-0.38497299124999995,0.1236606547499998,1.000939590561884,3048.120881854781,4030.3153400239967
dichrocooney,Predominant_simplePasture:HabitatRiverine,0.0309858043318125,0.2441960429554845,-0.44902640799999993,0.5016630094999995,1.0007591810109644,3913.5374635985154,4716.358194510131
dichrocooney,Predominant_simplePlantationforest:HabitatRiverine,0.34978133321216665,0.09801862697204775,0.1601058460000001,0.54285330225,1.0013266457384438,2363.7002229522313,3759.8223650985087
dichrocooney,Predominant_simpleSecondary:HabitatRiverine,0.131364672422879,0.1724195729008343,-0.20192331374999997,0.47375929049999976,0.9998564355750845,1998.1678708499255,3511.592439110054
dichrocooney,Predominant_simpleCropland:HabitatRock,-0.045890487485721165,0.11410122445481015,-0.27357964975,0.17288526324999962,1.0021634356024833,2202.381256334219,4505.692636696616
dichrocooney,Predominant_simplePasture:HabitatRock,-0.0016127107007220002,0.4991883388541655,-0.9691548969999998,0.95774203075,0.9999755709371464,18870.44467787448,3678.0260907298516
dichrocooney,Predominant_simplePlantationforest:HabitatRock,0.021660013884512334,0.10988134599396228,-0.1931168612499999,0.235478745,1.0007523767867452,2753.949079442655,4644.136184276885
dichrocooney,Predominant_simpleSecondary:HabitatRock,-0.03269894607080189,0.17902243064412143,-0.37976215325,0.32201676275,1.000522358085487,2161.5609920482502,3303.753017489979
dichrocooney,Predominant_simpleCropland:HabitatShrubland,0.013868900166308283,0.07371702378203207,-0.12771285949999997,0.15865291950000002,1.0020369638275866,1217.3119528502486,2900.268567150543
dichrocooney,Predominant_simplePasture:HabitatShrubland,-0.0766512399683195,0.17800743681350503,-0.4347756375,0.27117391225,1.0024177259812985,1958.3373253722395,2862.3276069785725
dichrocooney,Predominant_simplePlantationforest:HabitatShrubland,-0.041757793288707164,0.057566806192129734,-0.15318989399999997,0.06870089037499999,1.0016419028398102,957.3612349561753,2637.165293595277
dichrocooney,Predominant_simpleSecondary:HabitatShrubland,-0.020597048134564117,0.16212792188847283,-0.33550590024999993,0.2989511404999993,1.0001585513182383,1850.2822914100639,3240.3307521413963
dichrocooney,Predominant_simpleCropland:HabitatWetland,0.027136260847673666,0.08031233581051841,-0.12999508925,0.18394817799999996,1.0019533392227375,1410.93103660643,3308.822040139336
dichrocooney,Predominant_simplePasture:HabitatWetland,-0.10025958026872417,0.180291192882957,-0.4596579002499999,0.2486819697499995,1.0026214811106293,1975.42710847461,2724.7151802682492
dichrocooney,Predominant_simplePlantationforest:HabitatWetland,-0.1617679176538104,0.07904346031148905,-0.3136400724999999,-0.006575796400000176,1.0007577441349267,1606.027618542228,3252.645865644029
dichrocooney,Predominant_simpleSecondary:HabitatWetland,-0.06382493424702916,0.16502611970809902,-0.38283347799999995,0.2618732835,1.000236812948259,1910.722948389475,3269.8786193170813
dichrocooney,Predominant_simpleCropland:HabitatWoodland,0.14495680062084834,0.07415455167087272,0.0038952098650000162,0.28921718550000003,1.002024003060235,1236.5767030624286,3057.6055805322976
dichrocooney,Predominant_simplePasture:HabitatWoodland,0.0733409972726853,0.17849590087449657,-0.27659320824999983,0.42179639174999983,1.002464809074372,1952.1046620241725,2793.534015790291
dichrocooney,Predominant_simplePlantationforest:HabitatWoodland,-0.021840405696986833,0.05737881912054517,-0.13527563725,0.08819222537499996,1.0017431845579408,963.782133279057,2518.873722894793
dichrocooney,Predominant_simpleSecondary:HabitatWoodland,-0.04139202655125578,0.16204702258978673,-0.3580840319999999,0.27417478624999975,1.000161276993584,1846.9621588633192,3145.083482003943
dichrocooney,Predominant_simpleCropland:Trophic.NicheFrugivore,-0.14360028786537482,0.15156899361086504,-0.4428357587499999,0.15671130799999988,1.000452756020461,2618.912218065111,3564.649002214106
dichrocooney,Predominant_simplePasture:Trophic.NicheFrugivore,0.1615313140454745,0.09310440834443408,-0.019229568324999943,0.3452797099999999,1.0016860916037347,2758.6850109818683,4060.501237714022
dichrocooney,Predominant_simplePlantationforest:Trophic.NicheFrugivore,0.136263608701744,0.09875669701489301,-0.06115044789999999,0.33476367349999997,1.0003112877141178,2264.457294238925,3199.6119891583485
dichrocooney,Predominant_simpleSecondary:Trophic.NicheFrugivore,0.046880084160651835,0.06801659775257954,-0.08329254434999989,0.17772787399999987,1.0024760929891636,2136.301531378159,3298.372243305006
dichrocooney,Predominant_simpleCropland:Trophic.NicheGranivore,-0.2735382112761915,0.15112395126721961,-0.5675913699999999,0.024047667824999976,1.0004276983104516,2616.5387783870506,3627.878743297399
dichrocooney,Predominant_simplePasture:Trophic.NicheGranivore,-0.081848403699955,0.0897087786129821,-0.2599714395,0.09104046319999999,1.0020025371283754,2541.891196995408,3742.7394389473725
dichrocooney,Predominant_simplePlantationforest:Trophic.NicheGranivore,0.1716743372340525,0.09915267348799481,-0.027933695174999953,0.3713721159999999,1.0003848125387274,2293.670801842181,3141.0861209093587
dichrocooney,Predominant_simpleSecondary:Trophic.NicheGranivore,0.04502644420540917,0.0686096101451447,-0.08881741832499998,0.17664303249999994,1.0025964818285908,2162.7062128589596,3066.589003779379
dichrocooney,Predominant_simpleCropland:Trophic.NicheHerbivoreterrestrial,0.0011025205379834996,0.5029045789946199,-0.9927903367499997,0.963879422249999,1.0010604464058124,17969.042086992835,3811.6688040001895
dichrocooney,Predominant_simplePasture:Trophic.NicheHerbivoreterrestrial,-0.002887276434473,0.4993654962028556,-0.9991679102499998,0.9738253239999991,1.0007143535606016,17755.843660788978,3753.4976570082495
dichrocooney,Predominant_simplePlantationforest:Trophic.NicheHerbivoreterrestrial,3.9372670604366717e-4,0.514876641194202,-1.0096304225,0.9989965924999951,1.0037414761416725,18789.878414474828,3791.7874356546095
dichrocooney,Predominant_simpleSecondary:Trophic.NicheHerbivoreterrestrial,0.006787309744296333,0.3531967342488858,-0.6910429869999998,0.6988216414999996,1.0004427862086873,9413.840695408535,4524.151576144054
dichrocooney,Predominant_simpleCropland:Trophic.NicheInvertivore,-0.027549630845184334,0.15078526865930675,-0.31961173374999996,0.2694305794999998,1.0004688709196563,2611.407401262728,3550.823017819286
dichrocooney,Predominant_simplePasture:Trophic.NicheInvertivore,0.16541836034967833,0.08883261767462446,-0.009834341389999975,0.3371400394999997,1.0019151889239006,2546.4921264306186,3586.3159876864092
dichrocooney,Predominant_simplePlantationforest:Trophic.NicheInvertivore,0.20786005109643316,0.09842779361152407,0.011494598075000013,0.4061811315,1.0002848966143343,2277.8778872232,3022.023867382097
dichrocooney,Predominant_simpleSecondary:Trophic.NicheInvertivore,0.03546967097591567,0.06748140738661146,-0.09584112104999998,0.16580552974999996,1.0025341571992614,2123.309457201648,3193.4365562807297
dichrocooney,Predominant_simpleCropland:Trophic.NicheNectarivore,-0.14950987802078833,0.1529373356420028,-0.4504188865,0.15268407199999998,1.000565564023349,2657.927258181143,3703.7570103622193
dichrocooney,Predominant_simplePasture:Trophic.NicheNectarivore,-0.052682866975640334,0.09578798088799073,-0.23972663299999994,0.132324588,1.0014975661532146,2651.9963159580866,4217.683999843766
dichrocooney,Predominant_simplePlantationforest:Trophic.NicheNectarivore,0.3292167207246333,0.10140204513205212,0.13034719350000004,0.5318011037500001,1.0002574844105974,2327.1915041126936,3129.0088730203115
dichrocooney,Predominant_simpleSecondary:Trophic.NicheNectarivore,0.008319898786519717,0.07095392205711441,-0.12630985774999995,0.14540843474999995,1.0021580258645624,2270.533755257458,3308.8536307918835
dichrocooney,Predominant_simpleCropland:Trophic.NicheOmnivore,-0.0978245599668505,0.15113701008078825,-0.39067838599999993,0.19959371525,1.0004602481662217,2630.259398499206,3670.9966639422005
dichrocooney,Predominant_simplePasture:Trophic.NicheOmnivore,0.054951125242805335,0.08903798285488597,-0.1227427602499999,0.2271874759999998,1.001849245891317,2538.7837686536113,3633.8251139388326
dichrocooney,Predominant_simplePlantationforest:Trophic.NicheOmnivore,0.24668129013612133,0.09852564542358978,0.05024936875000006,0.44481902749999985,1.0003206430379754,2282.8722102391903,3169.8535061475895
dichrocooney,Predominant_simpleSecondary:Trophic.NicheOmnivore,0.0606678513853795,0.06740625460755155,-0.06966006444999996,0.19074192124999986,1.0027658504361194,2142.8762869178163,3280.184024339498
malecolcooney,Intercept,4.707432495483333,0.12709745030078756,4.466485680000001,4.95838582,1.0017515190526596,978.585553898835,2333.858057978241
malecolcooney,Predominant_simpleCropland,-0.053450737032831167,0.20850518234970775,-0.45286950449999996,0.3579518824999999,1.002480080808132,1444.2628169278894,2531.418875046832
malecolcooney,Predominant_simplePasture,-0.16672728411473184,0.2124702216236754,-0.5839812032499999,0.24472277899999986,1.0018840811178336,1648.3625926555499,2760.958349550422
malecolcooney,Predominant_simplePlantationforest,-0.041009372998945,0.1594654134129096,-0.35321447325,0.27176939250000004,1.0008869096861808,1280.787243433564,2510.503232837772
malecolcooney,Predominant_simpleSecondary,-0.04661668320421167,0.1871881955461231,-0.405841034,0.3204645517499996,1.001112309250459,1603.9741656243891,2653.122182800469
malecolcooney,z_logMass,-0.12252819953666666,0.004107017350423492,-0.13034818650000002,-0.11430676925,1.000300257110006,5033.018017789419,4428.399182577299
malecolcooney,HabitatForest,0.010867951209071334,0.06936974037236349,-0.12602374449999995,0.14393199599999987,1.0025916870160183,825.7906058741664,1638.2908701510166
malecolcooney,HabitatGrassland,-0.199648818672825,0.07258095030752534,-0.3463575565,-0.060929515725000015,1.0020058247187926,904.7840757046893,1748.2597434067977
malecolcooney,HabitatHumanModified,-0.15478885877418183,0.07892542279727537,-0.31038329525,-0.004942281437500332,1.0025104513362888,1022.6119160025817,2269.763518228104
malecolcooney,HabitatRiverine,-0.092013837574183,0.09710467043169967,-0.27883428775,0.09657450569999994,1.0013987568809302,1644.5149648800582,3279.873788782333
malecolcooney,HabitatRock,-0.27574414285285864,0.1253452118216278,-0.5204077884999999,-0.029011137875000013,1.001647244534534,2415.0491650250037,4148.481714926317
malecolcooney,HabitatShrubland,-0.0650280070903996,0.07025632160137761,-0.20573746349999997,0.06928232024999992,1.0021869795605725,854.9020608852672,1777.4298313033337
malecolcooney,HabitatWetland,0.256561485798705,0.07613388440913801,0.1057990995,0.4000522277499999,1.0024093445527154,996.2444461465192,1957.886333750351
malecolcooney,HabitatWoodland,-0.056072196737456836,0.07044498513781845,-0.19507139825,0.07877409657499987,1.002529611729518,827.3372269727176,1688.0202768973495
malecolcooney,BiomeMediterraneanForestsWoodlands&Scrub,-0.16231777778726283,0.08728085298912376,-0.33136373075,0.008661438777499983,1.0045297967539137,852.9475284972244,1295.5047938406842
malecolcooney,BiomeMontaneGrasslands&Shrublands,0.17027212570193667,0.08960614403323687,-0.003851309067499882,0.34985803499999985,1.0034063449453352,871.8107000418244,1214.0637674328104
malecolcooney,BiomeTemperateBroadleaf&MixedForests,-0.0067205913629729335,0.08634551547663533,-0.17396003325,0.16374570249999984,1.003673897054593,825.9240049506858,1207.6231414634553
malecolcooney,BiomeTemperateConiferForests,0.006416169908781833,0.08704324847914913,-0.16216805674999996,0.18003099499999994,1.003673438317471,839.7096771327946,1249.1422203028908
malecolcooney,BiomeTemperateGrasslandsSavannas&Shrublands,-0.07223893045439933,0.08661862779856568,-0.239162992,0.10088591424999999,1.0035153783943367,826.3714714939548,1142.3477328735223
malecolcooney,BiomeTropical&SubtropicalConiferousForests,0.14761933980028666,0.08665742122319194,-0.0186952072,0.31845140524999993,1.0037250480798208,829.7794374640268,1135.2468019039366
malecolcooney,BiomeTropical&SubtropicalDryBroadleafForests,-0.0497183451425359,0.08767378445687546,-0.22025945499999994,0.12314828724999996,1.0024604553149665,853.2767374036474,1286.7766607403678
malecolcooney,BiomeTropical&SubtropicalGrasslandsSavannas&Shrublands,-0.059611670936335834,0.08623615505901709,-0.22640044025,0.11150505774999998,1.0031272766628931,822.4482104365513,1161.015339034368
malecolcooney,BiomeTropical&SubtropicalMoistBroadleafForests,0.07058545584023267,0.08614822124398169,-0.09587403427499996,0.24175901049999973,1.0030909203648675,821.4024041426668,1140.286817630419
malecolcooney,BiomeTundra,-0.124193130194909,0.09445551770261311,-0.30941855525,0.06371736559999992,1.00235583465338,981.4201829444484,1509.4910942273887
malecolcooney,Trophic.NicheFrugivore,0.08517907218547467,0.07015913353171588,-0.053072861599999945,0.22319702499999997,1.0010295871405477,1324.2813924003196,2835.8446165524956
malecolcooney,Trophic.NicheGranivore,0.013637554872088333,0.07103030559778009,-0.12461337724999992,0.15552277724999997,1.0012998376045295,1353.6632818704697,2686.2301833378765
malecolcooney,Trophic.NicheHerbivoreterrestrial,0.0563536744481555,0.37584915819569253,-0.6805015965,0.7800757832499984,1.0001205574170242,6594.11062933638,4858.266242800386
malecolcooney,Trophic.NicheInvertivore,-0.18197090249076667,0.06939010891978957,-0.317739109,-0.044693665025,1.0011259488690551,1319.0813992207284,2720.2288076810723
malecolcooney,Trophic.NicheNectarivore,0.041241780116726585,0.0735964832364518,-0.10429878174999997,0.18599888874999995,1.0008548775453483,1451.2696562977108,2926.42418272937
malecolcooney,Trophic.NicheOmnivore,-0.075910718513345,0.0696457073065791,-0.21028925474999996,0.06155052072499995,1.0012563006080146,1331.0966212538203,2709.9011583532433
malecolcooney,Predominant_simpleCropland:z_logMass,0.03138546953419,0.008626031270155,0.014533981800000003,0.04826561575,1.0001940823992976,8859.978853267028,4210.454581171144
malecolcooney,Predominant_simplePasture:z_logMass,0.060834809418166665,0.008972109122410669,0.042956932725,0.07851721262499999,0.9999935148859973,8448.275366252672,4612.557439518929
malecolcooney,Predominant_simplePlantationforest:z_logMass,0.005460290994875215,0.00660146558059098,-0.007568768727499999,0.01815314304999998,1.0003739295298086,6944.275846278755,5089.432404708224
malecolcooney,Predominant_simpleSecondary:z_logMass,-0.008916008771249276,0.006239210246598223,-0.021028518875,0.0034627895024999973,1.0006686751644702,6950.0115164716135,5194.551063755482
malecolcooney,Predominant_simpleCropland:HabitatForest,-0.005528827426037733,0.10833076000386543,-0.21120821899999995,0.20996602299999984,1.0015778127260293,1083.983613049935,1926.7674546083513
malecolcooney,Predominant_simplePasture:HabitatForest,-0.07989868710230516,0.18125352584383467,-0.43836519024999987,0.27307439724999993,1.0004931765086873,1450.1559797536245,2708.172393576005
malecolcooney,Predominant_simplePlantationforest:HabitatForest,-0.018204566579969834,0.08623205789856046,-0.18693737675,0.15381216174999995,1.0027682821519155,987.0077728399185,2144.6582549722316
malecolcooney,Predominant_simpleSecondary:HabitatForest,-0.028191280810166832,0.1623643281170484,-0.34144658699999997,0.29119874474999985,1.0008148992562982,1467.870435458251,2310.0542387987452
malecolcooney,Predominant_simpleCropland:HabitatGrassland,0.0853903389509305,0.11022424720597006,-0.12965435899999989,0.30443713374999976,1.0015166274460796,1116.5568788802887,2058.377090516894
malecolcooney,Predominant_simplePasture:HabitatGrassland,0.163581456434865,0.1816528127362831,-0.19544905874999985,0.51542539875,1.000511192875505,1465.9019652262525,2705.9550579177944
malecolcooney,Predominant_simplePlantationforest:HabitatGrassland,-0.24771595340003,0.0936154501278066,-0.4303275865,-0.06366166327500013,1.002494567448954,1167.0453966942243,2838.8531974813777
malecolcooney,Predominant_simpleSecondary:HabitatGrassland,0.04265611521797733,0.16412217796029094,-0.27143383175,0.3666139452499995,1.0008013673801843,1507.7071671126432,2339.6644340453145
malecolcooney,Predominant_simpleCropland:HabitatHumanModified,0.24668189386231085,0.11614398520532805,0.017368812400000093,0.4746559824999998,1.0016475540564211,1197.7534417558775,2029.1702818806516
malecolcooney,Predominant_simplePasture:HabitatHumanModified,0.31855322591124,0.18522944303451158,-0.0486921239999997,0.67512065375,1.0005106953821974,1497.6147586122795,2771.613923419543
malecolcooney,Predominant_simplePlantationforest:HabitatHumanModified,-0.058264023180185164,0.10006290468078698,-0.25298939574999996,0.14048131899999985,1.002317310984614,1292.881131555811,2592.9352548944767
malecolcooney,Predominant_simpleSecondary:HabitatHumanModified,0.1607125304848075,0.16870040631516858,-0.16712973650000001,0.49952042974999994,1.0009575956558103,1549.687205207141,2297.0808102510673
malecolcooney,Predominant_simpleCropland:HabitatRiverine,-0.28905117215550336,0.19671578201075077,-0.68453271875,0.09593221417499974,1.0010128577439652,3125.334427324042,3883.3906147406924
malecolcooney,Predominant_simplePasture:HabitatRiverine,-0.42845831589154665,0.3369133868485458,-1.0877836674999999,0.2335644864999997,1.0011197148906477,6168.0469448228405,3941.204363111207
malecolcooney,Predominant_simplePlantationforest:HabitatRiverine,0.20965587156916166,0.15661474472229261,-0.09563386094999984,0.5142179842499995,1.0004752245958417,2897.5837254221087,4422.754218940469
malecolcooney,Predominant_simpleSecondary:HabitatRiverine,0.1718335747719075,0.19608486323521088,-0.21008905675,0.5563370974999999,1.0003267281156896,2067.492922185597,3361.518767876041
malecolcooney,Predominant_simpleCropland:HabitatRock,-0.07675603504953167,0.1798783815861008,-0.42667628124999996,0.2741660614999997,1.000925290997527,2701.885534839635,4299.738297181671
malecolcooney,Predominant_simplePasture:HabitatRock,0.003253349866700333,0.4881356815429877,-0.9557110742499999,0.9702298102499992,1.0008523157546259,16102.436823434336,4449.484507400635
malecolcooney,Predominant_simplePlantationforest:HabitatRock,0.016232024824397,0.17866497057694886,-0.3335832339999998,0.3644406205,1.0010991234145856,3463.098071349131,4301.718350698134
malecolcooney,Predominant_simpleSecondary:HabitatRock,-0.14763054758415634,0.2052861831160033,-0.5456202445,0.25832077649999996,1.0012164957726535,2108.8827858843206,3737.815759213237
malecolcooney,Predominant_simpleCropland:HabitatShrubland,-0.00594641573447525,0.10829690805464119,-0.21072293874999998,0.2081213924999998,1.0018138816942281,1087.9513723802631,2072.465292929394
malecolcooney,Predominant_simplePasture:HabitatShrubland,0.054017878987755,0.18145978169750665,-0.298226479,0.40487062425,1.0002998522989697,1440.8506617560136,2646.1584694491885
malecolcooney,Predominant_simplePlantationforest:HabitatShrubland,-0.05217375056423917,0.08748315863111016,-0.220651011,0.12467068899999992,1.002634923328839,997.4911222347855,2145.00311627378
malecolcooney,Predominant_simpleSecondary:HabitatShrubland,0.0252397191662185,0.1626885491604041,-0.28690286225,0.34648503525,1.00099041037905,1483.1028626226243,2395.2265870705683
malecolcooney,Predominant_simpleCropland:HabitatWetland,-0.1538913294848175,0.12185667366735695,-0.3856371067499999,0.08728049104999992,1.0010547427553085,1329.4907808526295,2451.86618884557
malecolcooney,Predominant_simplePasture:HabitatWetland,-0.15413025365669866,0.1911755028690565,-0.5334903449999998,0.21499723224999973,1.0006771499173504,1429.679026051926,3195.6743336863947
malecolcooney,Predominant_simplePlantationforest:HabitatWetland,-0.3178857080588652,0.1313258437681824,-0.5689976404999999,-0.0599126899,1.0020142292399101,2354.5904304759174,3524.0744018428036
malecolcooney,Predominant_simpleSecondary:HabitatWetland,-0.252649915143615,0.1725436579210448,-0.588818104,0.08064100599999985,1.0007087228458018,1607.9394372875581,2835.932608983037
malecolcooney,Predominant_simpleCropland:HabitatWoodland,-0.059659877234396,0.10964894675249068,-0.26926794824999994,0.15535127099999987,1.0020051081038528,1084.455022662495,2173.7934263685556
malecolcooney,Predominant_simplePasture:HabitatWoodland,-0.020077847141902333,0.18218101398356368,-0.37659391249999985,0.33454061849999994,1.0004759394892433,1438.9826974130438,2763.3917572641267
malecolcooney,Predominant_simplePlantationforest:HabitatWoodland,-0.06824908433816,0.08744223374790248,-0.24029727624999997,0.10697976024999992,1.0026776885167878,981.214092215151,2196.6445058214276
malecolcooney,Predominant_simpleSecondary:HabitatWoodland,-0.036278915135076834,0.16297270735654112,-0.3525812884999999,0.2854320652499998,1.0009470547070791,1469.2843671331802,2361.871329378355
malecolcooney,Predominant_simpleCropland:Trophic.NicheFrugivore,0.13182459226981152,0.18523638722515556,-0.2338867432499999,0.4955400392499998,1.0017070406197899,1680.3992256780125,3018.874271910852
malecolcooney,Predominant_simplePasture:Trophic.NicheFrugivore,0.3381393107072733,0.1441160047925061,0.05011889835000008,0.6206456852499996,1.0015399496023083,1719.2607306368056,2886.5110204134958
malecolcooney,Predominant_simplePlantationforest:Trophic.NicheFrugivore,-0.24480578027290667,0.14133715307849148,-0.51938822075,0.034808401699999957,1.0018803019575404,1707.356047004424,2515.5743993201213
malecolcooney,Predominant_simpleSecondary:Trophic.NicheFrugivore,0.045252319206426334,0.10886288804149388,-0.16285681924999992,0.25835191574999977,1.0017915212662964,1476.8793612608843,2971.922872669624
malecolcooney,Predominant_simpleCropland:Trophic.NicheGranivore,-0.029463903640475,0.18530291161805576,-0.39552877174999995,0.3348580955,1.0017496235923171,1670.3024278070825,3205.351074468853
malecolcooney,Predominant_simplePasture:Trophic.NicheGranivore,0.058010827430463166,0.13583440928654908,-0.21609123325000001,0.3208719465,1.0018659393333837,1589.4458056552005,3082.3243082461836
malecolcooney,Predominant_simplePlantationforest:Trophic.NicheGranivore,0.23985506046057617,0.14264004326074858,-0.03286392269999996,0.52546697725,1.0016742434237713,1700.5700205310445,2636.139774177163
malecolcooney,Predominant_simpleSecondary:Trophic.NicheGranivore,0.0721020902934435,0.10989095340173388,-0.13434050449999999,0.29419300024999995,1.0017136100878958,1535.9622101927869,2957.965218195882
malecolcooney,Predominant_simpleCropland:Trophic.NicheHerbivoreterrestrial,-0.0067826313452705,0.4927808257071859,-0.95113753775,0.9612461889999999,1.0014075200355754,12806.981143528381,4555.97408948583
malecolcooney,Predominant_simplePasture:Trophic.NicheHerbivoreterrestrial,9.444746685701665e-4,0.48569229287733523,-0.9422608547499999,0.9692790162499998,1.0005140201252103,15147.404188289107,4022.595912205383
malecolcooney,Predominant_simplePlantationforest:Trophic.NicheHerbivoreterrestrial,-0.0034082487795301835,0.5055324886047399,-1.0179408125,1.0179904449999995,1.0000101789159852,14375.22787273856,3507.172803445126
malecolcooney,Predominant_simpleSecondary:Trophic.NicheHerbivoreterrestrial,0.0619409487582495,0.3780893428366754,-0.6820551462499999,0.7967325762499995,1.000130105979902,6164.852103772523,4539.619903120001
malecolcooney,Predominant_simpleCropland:Trophic.NicheInvertivore,0.0723497268931345,0.1841760260558772,-0.29384626275,0.43610717475,1.001704894725645,1671.6666798139786,2997.6741967163807
malecolcooney,Predominant_simplePasture:Trophic.NicheInvertivore,0.13466465712798217,0.13453368245455494,-0.13420800574999997,0.4003040587499998,1.0018277605598322,1580.1430916488666,3166.3721871787493
malecolcooney,Predominant_simplePlantationforest:Trophic.NicheInvertivore,0.05232386855700517,0.14071500227410424,-0.2205693405,0.33482223174999987,1.00212677723214,1682.3141373871506,2611.4094353793093
malecolcooney,Predominant_simpleSecondary:Trophic.NicheInvertivore,0.0487291107830552,0.1075413358250057,-0.158249068,0.2630863974999999,1.0016871704930523,1466.992983251983,2909.95701877545
malecolcooney,Predominant_simpleCropland:Trophic.NicheNectarivore,0.25509934128014167,0.18921412203999566,-0.11981773075,0.6254680567499985,1.0014512507778985,1809.2972093650524,3069.7019679384907
malecolcooney,Predominant_simplePasture:Trophic.NicheNectarivore,0.33625393614487165,0.14869961710650398,0.046979604775000156,0.6275385537499997,1.0012788314366385,1757.6198278327217,3074.892599941578
malecolcooney,Predominant_simplePlantationforest:Trophic.NicheNectarivore,0.22739197193349,0.14602815900582491,-0.055208390324999926,0.52034247675,1.0015042777724683,1739.7258170875311,2508.4285738523163
malecolcooney,Predominant_simpleSecondary:Trophic.NicheNectarivore,0.09114397050822934,0.11478736167928756,-0.1293259042499999,0.3199912492499997,1.0010829617461778,1682.273515512313,3168.3672902628673
malecolcooney,Predominant_simpleCropland:Trophic.NicheOmnivore,-0.033860727344651835,0.18474343322375542,-0.3984736819999999,0.32648647524999974,1.0017579215279986,1668.41637100341,3051.259627135527
malecolcooney,Predominant_simplePasture:Trophic.NicheOmnivore,0.015780711996241165,0.13556429467321118,-0.2537985585,0.2819525677499999,1.0020668323863084,1594.1662807416046,2984.2225121234483
malecolcooney,Predominant_simplePlantationforest:Trophic.NicheOmnivore,0.061366999426087844,0.14122107012857238,-0.20993752649999986,0.34543759774999994,1.0018804373057093,1690.0141818134723,2691.6797006739243
malecolcooney,Predominant_simpleSecondary:Trophic.NicheOmnivore,-0.017194432887679502,0.10777262787277264,-0.22207725499999992,0.19517841474999983,1.001961990087578,1500.0714509721615,2805.836030364746
